"feature_name","type","description"
"xswanohi","raw_predictor","Raw predictor (daily mean)"
"xswnoni","raw_predictor","Raw predictor (daily mean)"
"xsvrnca","raw_predictor","Raw predictor (daily mean)"
"xscaws","raw_predictor","Raw predictor (daily mean)"
"xsvrncr","raw_predictor","Raw predictor (daily mean)"
"xsvrnct","raw_predictor","Raw predictor (daily mean)"
"xshcpca","raw_predictor","Raw predictor (daily mean)"
"xsrtca","raw_predictor","Raw predictor (daily mean)"
"xsrtca.1","raw_predictor","Raw predictor (daily mean)"
"xsrtca.2","raw_predictor","Raw predictor (daily mean)"
"xsrtca.3","raw_predictor","Raw predictor (daily mean)"
"xsvrted","raw_predictor","Raw predictor (daily mean)"
"aeattp","raw_predictor","Raw predictor (daily mean)"
"adltccbo","raw_predictor","Raw predictor (daily mean)"
"boblpd","raw_predictor","Raw predictor (daily mean)"
"ctocdtap","raw_predictor","Raw predictor (daily mean)"
"ccbaccbo","raw_predictor","Raw predictor (daily mean)"
"ccbnicco","raw_predictor","Raw predictor (daily mean)"
"ccbpicbo","raw_predictor","Raw predictor (daily mean)"
"dodawddk","raw_predictor","Raw predictor (daily mean)"
"dodawdapdi","raw_predictor","Raw predictor (daily mean)"
"dtacpbo","raw_predictor","Raw predictor (daily mean)"
"dpbauwfcmfaniaa","raw_predictor","Raw predictor (daily mean)"
"dapbauwfcmfartla","raw_predictor","Raw predictor (daily mean)"
"dpbwfcmfaniaa","raw_predictor","Raw predictor (daily mean)"
"dapbwfcmfartla","raw_predictor","Raw predictor (daily mean)"
"dtaprfr","raw_predictor","Raw predictor (daily mean)"
"dptauwfcamfaiasan","raw_predictor","Raw predictor (daily mean)"
"dpuwfcmfaniaa","raw_predictor","Raw predictor (daily mean)"
"dapuwfcmfartla","raw_predictor","Raw predictor (daily mean)"
"dtapslb","raw_predictor","Raw predictor (daily mean)"
"dapbwfcmfartla.1","raw_predictor","Raw predictor (daily mean)"
"dtapbdo","raw_predictor","Raw predictor (daily mean)"
"dtaprfr.1","raw_predictor","Raw predictor (daily mean)"
"dptbauwfcmfartla","raw_predictor","Raw predictor (daily mean)"
"dapuwfcmfartla.1","raw_predictor","Raw predictor (daily mean)"
"dtaprfr.2","raw_predictor","Raw predictor (daily mean)"
"dapbauwfcmfartla.1","raw_predictor","Raw predictor (daily mean)"
"dapbwfcmfartla.2","raw_predictor","Raw predictor (daily mean)"
"dptauwfcamfaiasatb","raw_predictor","Raw predictor (daily mean)"
"dapuwfcmfartla.2","raw_predictor","Raw predictor (daily mean)"
"dtapbdo.1","raw_predictor","Raw predictor (daily mean)"
"dasbprbo","raw_predictor","Raw predictor (daily mean)"
"dasbpsbo","raw_predictor","Raw predictor (daily mean)"
"escltnbo","raw_predictor","Raw predictor (daily mean)"
"gabdocc","raw_predictor","Raw predictor (daily mean)"
"gabcso","raw_predictor","Raw predictor (daily mean)"
"norrfdap","raw_predictor","Raw predictor (daily mean)"
"nmbrofad","raw_predictor","Raw predictor (daily mean)"
"nmbrofco","raw_predictor","Raw predictor (daily mean)"
"nmbrofds","raw_predictor","Raw predictor (daily mean)"
"nogpedte","raw_predictor","Raw predictor (daily mean)"
"nmbrofmo","raw_predictor","Raw predictor (daily mean)"
"noopa","raw_predictor","Raw predictor (daily mean)"
"nmbrofso","raw_predictor","Raw predictor (daily mean)"
"noccbaa","raw_predictor","Raw predictor (daily mean)"
"noeboau","raw_predictor","Raw predictor (daily mean)"
"noeboaum","raw_predictor","Raw predictor (daily mean)"
"noeboaus","raw_predictor","Raw predictor (daily mean)"
"onccbohmal","raw_predictor","Raw predictor (daily mean)"
"patdapyd","raw_predictor","Raw predictor (daily mean)"
"patdapyd.1","raw_predictor","Raw predictor (daily mean)"
"rsca","raw_predictor","Raw predictor (daily mean)"
"sbnsssr","raw_predictor","Raw predictor (daily mean)"
"sicblsr","raw_predictor","Raw predictor (daily mean)"
"snblsr","raw_predictor","Raw predictor (daily mean)"
"ssasssr","raw_predictor","Raw predictor (daily mean)"
"srsblsr","raw_predictor","Raw predictor (daily mean)"
"srsglsr","raw_predictor","Raw predictor (daily mean)"
"swwlsr","raw_predictor","Raw predictor (daily mean)"
"srnwlsr","raw_predictor","Raw predictor (daily mean)"
"xhrbrchp","raw_predictor","Raw predictor (daily mean)"
"aedsilh","raw_predictor","Raw predictor (daily mean)"
"ambulncq","raw_predictor","Raw predictor (daily mean)"
"avrgtmta","raw_predictor","Raw predictor (daily mean)"
"avrgtmtt","raw_predictor","Raw predictor (daily mean)"
"chrtnrq","raw_predictor","Raw predictor (daily mean)"
"mjrsptnc","raw_predictor","Raw predictor (daily mean)"
"mnrsptnc","raw_predictor","Raw predictor (daily mean)"
"nwarrilh","raw_predictor","Raw predictor (daily mean)"
"nofdtas","raw_predictor","Raw predictor (daily mean)"
"nodta","raw_predictor","Raw predictor (daily mean)"
"ptntiae","raw_predictor","Raw predictor (daily mean)"
"rsscttnc","raw_predictor","Raw predictor (daily mean)"
"ttlbrcsm","raw_predictor","Raw predictor (daily mean)"
"ahlh","raw_predictor","Raw predictor (daily mean)"
"ahsm","raw_predictor","Raw predictor (daily mean)"
"ahmlh","raw_predictor","Raw predictor (daily mean)"
"ahsm.1","raw_predictor","Raw predictor (daily mean)"
"ahmlh.1","raw_predictor","Raw predictor (daily mean)"
"ahsm.2","raw_predictor","Raw predictor (daily mean)"
"acthlh","raw_predictor","Raw predictor (daily mean)"
"acthsm","raw_predictor","Raw predictor (daily mean)"
"ambulncsenrtthsptl","raw_predictor","Raw predictor (daily mean)"
"htlsm","raw_predictor","Raw predictor (daily mean)"
"htclh","raw_predictor","Raw predictor (daily mean)"
"htcsm","raw_predictor","Raw predictor (daily mean)"
"htclh.1","raw_predictor","Raw predictor (daily mean)"
"htcsm.1","raw_predictor","Raw predictor (daily mean)"
"htcsm.2","raw_predictor","Raw predictor (daily mean)"
"opel","raw_predictor","Raw predictor (daily mean)"
"cbrh","raw_predictor","Raw predictor (daily mean)"
"cbmrm","raw_predictor","Raw predictor (daily mean)"
"cbrh.1","raw_predictor","Raw predictor (daily mean)"
"cbmrm.1","raw_predictor","Raw predictor (daily mean)"
"cbrh.2","raw_predictor","Raw predictor (daily mean)"
"cbmrm.2","raw_predictor","Raw predictor (daily mean)"
"noacotcs","raw_predictor","Raw predictor (daily mean)"
"nowcotcs","raw_predictor","Raw predictor (daily mean)"
"pocsmtraht","raw_predictor","Raw predictor (daily mean)"
"pocsmtrasc","raw_predictor","Raw predictor (daily mean)"
"pocsmtrast","raw_predictor","Raw predictor (daily mean)"
"amblncsenrtthsptls","raw_predictor","Raw predictor (daily mean)"
"cbrh.3","raw_predictor","Raw predictor (daily mean)"
"cbmrm.3","raw_predictor","Raw predictor (daily mean)"
"celbrd","raw_predictor","Raw predictor (daily mean)"
"iucalwcb","raw_predictor","Raw predictor (daily mean)"
"iucalwcb.1","raw_predictor","Raw predictor (daily mean)"
"iucalwcb.2","raw_predictor","Raw predictor (daily mean)"
"iucalwhcb","raw_predictor","Raw predictor (daily mean)"
"nocoiucq","raw_predictor","Raw predictor (daily mean)"
"nmbrofhv","raw_predictor","Raw predictor (daily mean)"
"nmbrotca","raw_predictor","Raw predictor (daily mean)"
"dtocdtap","raw_predictor","Raw predictor (daily mean)"
"dtapslb.1","raw_predictor","Raw predictor (daily mean)"
"dtapbdo.2","raw_predictor","Raw predictor (daily mean)"
"msba","raw_predictor","Raw predictor (daily mean)"
"castdy","raw_predictor","Raw predictor (daily mean)"
"rfrrlsry","raw_predictor","Raw predictor (daily mean)"
"aissmtr","raw_predictor","Raw predictor (daily mean)"
"aissmtr.1","raw_predictor","Raw predictor (daily mean)"
"aisilm","raw_predictor","Raw predictor (daily mean)"
"aisilm.1","raw_predictor","Raw predictor (daily mean)"
"avhtsmtr","raw_predictor","Raw predictor (daily mean)"
"ahtilm","raw_predictor","Raw predictor (daily mean)"
"astasmtr","raw_predictor","Raw predictor (daily mean)"
"astailm","raw_predictor","Raw predictor (daily mean)"
"caatsmtr","raw_predictor","Raw predictor (daily mean)"
"caatsmtr.1","raw_predictor","Raw predictor (daily mean)"
"caatilm","raw_predictor","Raw predictor (daily mean)"
"caatilm.1","raw_predictor","Raw predictor (daily mean)"
"cabtsmtr","raw_predictor","Raw predictor (daily mean)"
"cabtilm","raw_predictor","Raw predictor (daily mean)"
"cllasmtr","raw_predictor","Raw predictor (daily mean)"
"clailm","raw_predictor","Raw predictor (daily mean)"
"cllosmtr","raw_predictor","Raw predictor (daily mean)"
"cloilm","raw_predictor","Raw predictor (daily mean)"
"lngwsmtr","raw_predictor","Raw predictor (daily mean)"
"lnwilm","raw_predictor","Raw predictor (daily mean)"
"pnctr","raw_predictor","Raw predictor (daily mean)"
"bripncb","raw_predictor","Raw predictor (daily mean)"
"nbtpncb","raw_predictor","Raw predictor (daily mean)"
"bripncb.1","raw_predictor","Raw predictor (daily mean)"
"pasnu","raw_predictor","Raw predictor (daily mean)"
"pawlu","raw_predictor","Raw predictor (daily mean)"
"prfrrly","raw_predictor","Raw predictor (daily mean)"
"psltsbt","raw_predictor","Raw predictor (daily mean)"
"psltsuy","raw_predictor","Raw predictor (daily mean)"
"pabnu","raw_predictor","Raw predictor (daily mean)"
"pawlu.1","raw_predictor","Raw predictor (daily mean)"
"pbdsocc","raw_predictor","Raw predictor (daily mean)"
"pptpfat","raw_predictor","Raw predictor (daily mean)"
"pabnu.1","raw_predictor","Raw predictor (daily mean)"
"pawlu.2","raw_predictor","Raw predictor (daily mean)"
"pbdsocc.1","raw_predictor","Raw predictor (daily mean)"
"prfrrly.1","raw_predictor","Raw predictor (daily mean)"
"brinyo","raw_predictor","Raw predictor (daily mean)"
"brinctrb","raw_predictor","Raw predictor (daily mean)"
"brinctrp","raw_predictor","Raw predictor (daily mean)"
"bripncp","raw_predictor","Raw predictor (daily mean)"
"bripncp.1","raw_predictor","Raw predictor (daily mean)"
"bripncb.2","raw_predictor","Raw predictor (daily mean)"
"bripncp.2","raw_predictor","Raw predictor (daily mean)"
"nbtnyo","raw_predictor","Raw predictor (daily mean)"
"nbtnctrb","raw_predictor","Raw predictor (daily mean)"
"nbtnctrp","raw_predictor","Raw predictor (daily mean)"
"nbtpncp","raw_predictor","Raw predictor (daily mean)"
"nbtpncb.1","raw_predictor","Raw predictor (daily mean)"
"nbtpncp.1","raw_predictor","Raw predictor (daily mean)"
"nbtpncb.2","raw_predictor","Raw predictor (daily mean)"
"nbtpncp.2","raw_predictor","Raw predictor (daily mean)"
"pnctr.1","raw_predictor","Raw predictor (daily mean)"
"rdnrsngs","raw_predictor","Raw predictor (daily mean)"
"unllcrns","raw_predictor","Raw predictor (daily mean)"
"unrns","raw_predictor","Raw predictor (daily mean)"
"wghnyo","raw_predictor","Raw predictor (daily mean)"
"wghnctrb","raw_predictor","Raw predictor (daily mean)"
"wghnctrp","raw_predictor","Raw predictor (daily mean)"
"wghpncb","raw_predictor","Raw predictor (daily mean)"
"wghpncp","raw_predictor","Raw predictor (daily mean)"
"wghpncb.1","raw_predictor","Raw predictor (daily mean)"
"wghpncp.1","raw_predictor","Raw predictor (daily mean)"
"wghpncb.2","raw_predictor","Raw predictor (daily mean)"
"wghpncp.2","raw_predictor","Raw predictor (daily mean)"
"xscarte","raw_predictor","Raw predictor (daily mean)"
"dossta","raw_predictor","Raw predictor (daily mean)"
"pcaseld","raw_predictor","Raw predictor (daily mean)"
"padmssy","raw_predictor","Raw predictor (daily mean)"
"prfrrly.2","raw_predictor","Raw predictor (daily mean)"
"padmssy.1","raw_predictor","Raw predictor (daily mean)"
"xobobpwn","raw_predictor","Raw predictor (daily mean)"
"xopshie","raw_predictor","Raw predictor (daily mean)"
"anhseops","raw_predictor","Raw predictor (daily mean)"
"atmtopel","raw_predictor","Raw predictor (daily mean)"
"bricmpld","raw_predictor","Raw predictor (daily mean)"
"bripdsc","raw_predictor","Raw predictor (daily mean)"
"edalp","raw_predictor","Raw predictor (daily mean)"
"marodl","raw_predictor","Raw predictor (daily mean)"
"wghcmpld","raw_predictor","Raw predictor (daily mean)"
"wghpdsc","raw_predictor","Raw predictor (daily mean)"
"mdntttsm","raw_predictor","Raw predictor (daily mean)"
"nbtcmpld","raw_predictor","Raw predictor (daily mean)"
"nbtpdsc","raw_predictor","Raw predictor (daily mean)"
"xoobtaeb","raw_predictor","Raw predictor (daily mean)"
"edallav","raw_predictor","Raw predictor (daily mean)"
"bdoccpna","raw_predictor","Raw predictor (daily mean)"
"bdocpicu","raw_predictor","Raw predictor (daily mean)"
"intnsvcs","raw_predictor","Raw predictor (daily mean)"
"ootintrp","raw_predictor","Raw predictor (daily mean)"
"urgntrfr","raw_predictor","Raw predictor (daily mean)"
"dow","calendar","Day of week (1=Mon, 7=Sun)"
"is_weekend","calendar","Weekend indicator (1=Sat/Sun)"
"month","calendar","Calendar month (1-12)"
"quarter","calendar","Calendar quarter (1-4)"
"winter_indicator","raw_predictor","Winter months indicator (Dec/Jan/Feb)"
"sin_month","calendar","Sine cyclical encoding of month"
"cos_month","calendar","Cosine cyclical encoding of month"
"day_of_month","calendar","Day of month (1-31)"
"days_since_start","calendar","Integer days since study start (linear trend)"
"is_bank_holiday","calendar","England bank holiday indicator"
"sin_dow","calendar","Sine cyclical encoding of day-of-week"
"cos_dow","calendar","Cosine cyclical encoding of day-of-week"
"xswanohi_roll_mean_3","rolling","Rolling mean of predictor (window=3 days)"
"xswanohi_roll_sd_3","rolling","Rolling SD of predictor (window=3 days)"
"xswanohi_roll_max_3","rolling","Rolling max of predictor (window=3 days)"
"xswanohi_change_3","rolling","Change over 3 days"
"xswanohi_roll_mean_7","rolling","Rolling mean of predictor (window=7 days)"
"xswanohi_roll_sd_7","rolling","Rolling SD of predictor (window=7 days)"
"xswanohi_roll_max_7","rolling","Rolling max of predictor (window=7 days)"
"xswanohi_change_7","rolling","Change over 7 days"
"xswanohi_roll_mean_14","rolling","Rolling mean of predictor (window=14 days)"
"xswanohi_roll_sd_14","rolling","Rolling SD of predictor (window=14 days)"
"xswanohi_roll_max_14","rolling","Rolling max of predictor (window=14 days)"
"xswanohi_change_14","rolling","Change over 14 days"
"xswanohi_roll_mean_30","rolling","Rolling mean of predictor (window=30 days)"
"xswanohi_roll_sd_30","rolling","Rolling SD of predictor (window=30 days)"
"xswanohi_roll_max_30","rolling","Rolling max of predictor (window=30 days)"
"xswanohi_change_30","rolling","Change over 30 days"
"xswnoni_roll_mean_3","rolling","Rolling mean of predictor (window=3 days)"
"xswnoni_roll_sd_3","rolling","Rolling SD of predictor (window=3 days)"
"xswnoni_roll_max_3","rolling","Rolling max of predictor (window=3 days)"
"xswnoni_change_3","rolling","Change over 3 days"
"xswnoni_roll_mean_7","rolling","Rolling mean of predictor (window=7 days)"
"xswnoni_roll_sd_7","rolling","Rolling SD of predictor (window=7 days)"
"xswnoni_roll_max_7","rolling","Rolling max of predictor (window=7 days)"
"xswnoni_change_7","rolling","Change over 7 days"
"xswnoni_roll_mean_14","rolling","Rolling mean of predictor (window=14 days)"
"xswnoni_roll_sd_14","rolling","Rolling SD of predictor (window=14 days)"
"xswnoni_roll_max_14","rolling","Rolling max of predictor (window=14 days)"
"xswnoni_change_14","rolling","Change over 14 days"
"xswnoni_roll_mean_30","rolling","Rolling mean of predictor (window=30 days)"
"xswnoni_roll_sd_30","rolling","Rolling SD of predictor (window=30 days)"
"xswnoni_roll_max_30","rolling","Rolling max of predictor (window=30 days)"
"xswnoni_change_30","rolling","Change over 30 days"
"xsvrnca_roll_mean_3","rolling","Rolling mean of predictor (window=3 days)"
"xsvrnca_roll_sd_3","rolling","Rolling SD of predictor (window=3 days)"
"xsvrnca_roll_max_3","rolling","Rolling max of predictor (window=3 days)"
"xsvrnca_change_3","rolling","Change over 3 days"
"xsvrnca_roll_mean_7","rolling","Rolling mean of predictor (window=7 days)"
"xsvrnca_roll_sd_7","rolling","Rolling SD of predictor (window=7 days)"
"xsvrnca_roll_max_7","rolling","Rolling max of predictor (window=7 days)"
"xsvrnca_change_7","rolling","Change over 7 days"
"xsvrnca_roll_mean_14","rolling","Rolling mean of predictor (window=14 days)"
"xsvrnca_roll_sd_14","rolling","Rolling SD of predictor (window=14 days)"
"xsvrnca_roll_max_14","rolling","Rolling max of predictor (window=14 days)"
"xsvrnca_change_14","rolling","Change over 14 days"
"xsvrnca_roll_mean_30","rolling","Rolling mean of predictor (window=30 days)"
"xsvrnca_roll_sd_30","rolling","Rolling SD of predictor (window=30 days)"
"xsvrnca_roll_max_30","rolling","Rolling max of predictor (window=30 days)"
"xsvrnca_change_30","rolling","Change over 30 days"
"xscaws_roll_mean_3","rolling","Rolling mean of predictor (window=3 days)"
"xscaws_roll_sd_3","rolling","Rolling SD of predictor (window=3 days)"
"xscaws_roll_max_3","rolling","Rolling max of predictor (window=3 days)"
"xscaws_change_3","rolling","Change over 3 days"
"xscaws_roll_mean_7","rolling","Rolling mean of predictor (window=7 days)"
"xscaws_roll_sd_7","rolling","Rolling SD of predictor (window=7 days)"
"xscaws_roll_max_7","rolling","Rolling max of predictor (window=7 days)"
"xscaws_change_7","rolling","Change over 7 days"
"xscaws_roll_mean_14","rolling","Rolling mean of predictor (window=14 days)"
"xscaws_roll_sd_14","rolling","Rolling SD of predictor (window=14 days)"
"xscaws_roll_max_14","rolling","Rolling max of predictor (window=14 days)"
"xscaws_change_14","rolling","Change over 14 days"
"xscaws_roll_mean_30","rolling","Rolling mean of predictor (window=30 days)"
"xscaws_roll_sd_30","rolling","Rolling SD of predictor (window=30 days)"
"xscaws_roll_max_30","rolling","Rolling max of predictor (window=30 days)"
"xscaws_change_30","rolling","Change over 30 days"
"xsvrncr_roll_mean_3","rolling","Rolling mean of predictor (window=3 days)"
"xsvrncr_roll_sd_3","rolling","Rolling SD of predictor (window=3 days)"
"xsvrncr_roll_max_3","rolling","Rolling max of predictor (window=3 days)"
"xsvrncr_change_3","rolling","Change over 3 days"
"xsvrncr_roll_mean_7","rolling","Rolling mean of predictor (window=7 days)"
"xsvrncr_roll_sd_7","rolling","Rolling SD of predictor (window=7 days)"
"xsvrncr_roll_max_7","rolling","Rolling max of predictor (window=7 days)"
"xsvrncr_change_7","rolling","Change over 7 days"
"xsvrncr_roll_mean_14","rolling","Rolling mean of predictor (window=14 days)"
"xsvrncr_roll_sd_14","rolling","Rolling SD of predictor (window=14 days)"
"xsvrncr_roll_max_14","rolling","Rolling max of predictor (window=14 days)"
"xsvrncr_change_14","rolling","Change over 14 days"
"xsvrncr_roll_mean_30","rolling","Rolling mean of predictor (window=30 days)"
"xsvrncr_roll_sd_30","rolling","Rolling SD of predictor (window=30 days)"
"xsvrncr_roll_max_30","rolling","Rolling max of predictor (window=30 days)"
"xsvrncr_change_30","rolling","Change over 30 days"
"xsvrnct_roll_mean_3","rolling","Rolling mean of predictor (window=3 days)"
"xsvrnct_roll_sd_3","rolling","Rolling SD of predictor (window=3 days)"
"xsvrnct_roll_max_3","rolling","Rolling max of predictor (window=3 days)"
"xsvrnct_change_3","rolling","Change over 3 days"
"xsvrnct_roll_mean_7","rolling","Rolling mean of predictor (window=7 days)"
"xsvrnct_roll_sd_7","rolling","Rolling SD of predictor (window=7 days)"
"xsvrnct_roll_max_7","rolling","Rolling max of predictor (window=7 days)"
"xsvrnct_change_7","rolling","Change over 7 days"
"xsvrnct_roll_mean_14","rolling","Rolling mean of predictor (window=14 days)"
"xsvrnct_roll_sd_14","rolling","Rolling SD of predictor (window=14 days)"
"xsvrnct_roll_max_14","rolling","Rolling max of predictor (window=14 days)"
"xsvrnct_change_14","rolling","Change over 14 days"
"xsvrnct_roll_mean_30","rolling","Rolling mean of predictor (window=30 days)"
"xsvrnct_roll_sd_30","rolling","Rolling SD of predictor (window=30 days)"
"xsvrnct_roll_max_30","rolling","Rolling max of predictor (window=30 days)"
"xsvrnct_change_30","rolling","Change over 30 days"
"xshcpca_roll_mean_3","rolling","Rolling mean of predictor (window=3 days)"
"xshcpca_roll_sd_3","rolling","Rolling SD of predictor (window=3 days)"
"xshcpca_roll_max_3","rolling","Rolling max of predictor (window=3 days)"
"xshcpca_change_3","rolling","Change over 3 days"
"xshcpca_roll_mean_7","rolling","Rolling mean of predictor (window=7 days)"
"xshcpca_roll_sd_7","rolling","Rolling SD of predictor (window=7 days)"
"xshcpca_roll_max_7","rolling","Rolling max of predictor (window=7 days)"
"xshcpca_change_7","rolling","Change over 7 days"
"xshcpca_roll_mean_14","rolling","Rolling mean of predictor (window=14 days)"
"xshcpca_roll_sd_14","rolling","Rolling SD of predictor (window=14 days)"
"xshcpca_roll_max_14","rolling","Rolling max of predictor (window=14 days)"
"xshcpca_change_14","rolling","Change over 14 days"
"xshcpca_roll_mean_30","rolling","Rolling mean of predictor (window=30 days)"
"xshcpca_roll_sd_30","rolling","Rolling SD of predictor (window=30 days)"
"xshcpca_roll_max_30","rolling","Rolling max of predictor (window=30 days)"
"xshcpca_change_30","rolling","Change over 30 days"
"xsrtca_roll_mean_3","rolling","Rolling mean of predictor (window=3 days)"
"xsrtca_roll_sd_3","rolling","Rolling SD of predictor (window=3 days)"
"xsrtca_roll_max_3","rolling","Rolling max of predictor (window=3 days)"
"xsrtca_change_3","rolling","Change over 3 days"
"xsrtca_roll_mean_7","rolling","Rolling mean of predictor (window=7 days)"
"xsrtca_roll_sd_7","rolling","Rolling SD of predictor (window=7 days)"
"xsrtca_roll_max_7","rolling","Rolling max of predictor (window=7 days)"
"xsrtca_change_7","rolling","Change over 7 days"
"xsrtca_roll_mean_14","rolling","Rolling mean of predictor (window=14 days)"
"xsrtca_roll_sd_14","rolling","Rolling SD of predictor (window=14 days)"
"xsrtca_roll_max_14","rolling","Rolling max of predictor (window=14 days)"
"xsrtca_change_14","rolling","Change over 14 days"
"xsrtca_roll_mean_30","rolling","Rolling mean of predictor (window=30 days)"
"xsrtca_roll_sd_30","rolling","Rolling SD of predictor (window=30 days)"
"xsrtca_roll_max_30","rolling","Rolling max of predictor (window=30 days)"
"xsrtca_change_30","rolling","Change over 30 days"
"xsrtca.1_roll_mean_3","rolling","Rolling mean of predictor (window=3 days)"
"xsrtca.1_roll_sd_3","rolling","Rolling SD of predictor (window=3 days)"
"xsrtca.1_roll_max_3","rolling","Rolling max of predictor (window=3 days)"
"xsrtca.1_change_3","rolling","Change over 3 days"
"xsrtca.1_roll_mean_7","rolling","Rolling mean of predictor (window=7 days)"
"xsrtca.1_roll_sd_7","rolling","Rolling SD of predictor (window=7 days)"
"xsrtca.1_roll_max_7","rolling","Rolling max of predictor (window=7 days)"
"xsrtca.1_change_7","rolling","Change over 7 days"
"xsrtca.1_roll_mean_14","rolling","Rolling mean of predictor (window=14 days)"
"xsrtca.1_roll_sd_14","rolling","Rolling SD of predictor (window=14 days)"
"xsrtca.1_roll_max_14","rolling","Rolling max of predictor (window=14 days)"
"xsrtca.1_change_14","rolling","Change over 14 days"
"xsrtca.1_roll_mean_30","rolling","Rolling mean of predictor (window=30 days)"
"xsrtca.1_roll_sd_30","rolling","Rolling SD of predictor (window=30 days)"
"xsrtca.1_roll_max_30","rolling","Rolling max of predictor (window=30 days)"
"xsrtca.1_change_30","rolling","Change over 30 days"
"xsrtca.2_roll_mean_3","rolling","Rolling mean of predictor (window=3 days)"
"xsrtca.2_roll_sd_3","rolling","Rolling SD of predictor (window=3 days)"
"xsrtca.2_roll_max_3","rolling","Rolling max of predictor (window=3 days)"
"xsrtca.2_change_3","rolling","Change over 3 days"
"xsrtca.2_roll_mean_7","rolling","Rolling mean of predictor (window=7 days)"
"xsrtca.2_roll_sd_7","rolling","Rolling SD of predictor (window=7 days)"
"xsrtca.2_roll_max_7","rolling","Rolling max of predictor (window=7 days)"
"xsrtca.2_change_7","rolling","Change over 7 days"
"xsrtca.2_roll_mean_14","rolling","Rolling mean of predictor (window=14 days)"
"xsrtca.2_roll_sd_14","rolling","Rolling SD of predictor (window=14 days)"
"xsrtca.2_roll_max_14","rolling","Rolling max of predictor (window=14 days)"
"xsrtca.2_change_14","rolling","Change over 14 days"
"xsrtca.2_roll_mean_30","rolling","Rolling mean of predictor (window=30 days)"
"xsrtca.2_roll_sd_30","rolling","Rolling SD of predictor (window=30 days)"
"xsrtca.2_roll_max_30","rolling","Rolling max of predictor (window=30 days)"
"xsrtca.2_change_30","rolling","Change over 30 days"
"xsrtca.3_roll_mean_3","rolling","Rolling mean of predictor (window=3 days)"
"xsrtca.3_roll_sd_3","rolling","Rolling SD of predictor (window=3 days)"
"xsrtca.3_roll_max_3","rolling","Rolling max of predictor (window=3 days)"
"xsrtca.3_change_3","rolling","Change over 3 days"
"xsrtca.3_roll_mean_7","rolling","Rolling mean of predictor (window=7 days)"
"xsrtca.3_roll_sd_7","rolling","Rolling SD of predictor (window=7 days)"
"xsrtca.3_roll_max_7","rolling","Rolling max of predictor (window=7 days)"
"xsrtca.3_change_7","rolling","Change over 7 days"
"xsrtca.3_roll_mean_14","rolling","Rolling mean of predictor (window=14 days)"
"xsrtca.3_roll_sd_14","rolling","Rolling SD of predictor (window=14 days)"
"xsrtca.3_roll_max_14","rolling","Rolling max of predictor (window=14 days)"
"xsrtca.3_change_14","rolling","Change over 14 days"
"xsrtca.3_roll_mean_30","rolling","Rolling mean of predictor (window=30 days)"
"xsrtca.3_roll_sd_30","rolling","Rolling SD of predictor (window=30 days)"
"xsrtca.3_roll_max_30","rolling","Rolling max of predictor (window=30 days)"
"xsrtca.3_change_30","rolling","Change over 30 days"
"xsvrted_roll_mean_3","rolling","Rolling mean of predictor (window=3 days)"
"xsvrted_roll_sd_3","rolling","Rolling SD of predictor (window=3 days)"
"xsvrted_roll_max_3","rolling","Rolling max of predictor (window=3 days)"
"xsvrted_change_3","rolling","Change over 3 days"
"xsvrted_roll_mean_7","rolling","Rolling mean of predictor (window=7 days)"
"xsvrted_roll_sd_7","rolling","Rolling SD of predictor (window=7 days)"
"xsvrted_roll_max_7","rolling","Rolling max of predictor (window=7 days)"
"xsvrted_change_7","rolling","Change over 7 days"
"xsvrted_roll_mean_14","rolling","Rolling mean of predictor (window=14 days)"
"xsvrted_roll_sd_14","rolling","Rolling SD of predictor (window=14 days)"
"xsvrted_roll_max_14","rolling","Rolling max of predictor (window=14 days)"
"xsvrted_change_14","rolling","Change over 14 days"
"xsvrted_roll_mean_30","rolling","Rolling mean of predictor (window=30 days)"
"xsvrted_roll_sd_30","rolling","Rolling SD of predictor (window=30 days)"
"xsvrted_roll_max_30","rolling","Rolling max of predictor (window=30 days)"
"xsvrted_change_30","rolling","Change over 30 days"
"aeattp_roll_mean_3","rolling","Rolling mean of predictor (window=3 days)"
"aeattp_roll_sd_3","rolling","Rolling SD of predictor (window=3 days)"
"aeattp_roll_max_3","rolling","Rolling max of predictor (window=3 days)"
"aeattp_change_3","rolling","Change over 3 days"
"aeattp_roll_mean_7","rolling","Rolling mean of predictor (window=7 days)"
"aeattp_roll_sd_7","rolling","Rolling SD of predictor (window=7 days)"
"aeattp_roll_max_7","rolling","Rolling max of predictor (window=7 days)"
"aeattp_change_7","rolling","Change over 7 days"
"aeattp_roll_mean_14","rolling","Rolling mean of predictor (window=14 days)"
"aeattp_roll_sd_14","rolling","Rolling SD of predictor (window=14 days)"
"aeattp_roll_max_14","rolling","Rolling max of predictor (window=14 days)"
"aeattp_change_14","rolling","Change over 14 days"
"aeattp_roll_mean_30","rolling","Rolling mean of predictor (window=30 days)"
"aeattp_roll_sd_30","rolling","Rolling SD of predictor (window=30 days)"
"aeattp_roll_max_30","rolling","Rolling max of predictor (window=30 days)"
"aeattp_change_30","rolling","Change over 30 days"
"adltccbo_roll_mean_3","rolling","Rolling mean of predictor (window=3 days)"
"adltccbo_roll_sd_3","rolling","Rolling SD of predictor (window=3 days)"
"adltccbo_roll_max_3","rolling","Rolling max of predictor (window=3 days)"
"adltccbo_change_3","rolling","Change over 3 days"
"adltccbo_roll_mean_7","rolling","Rolling mean of predictor (window=7 days)"
"adltccbo_roll_sd_7","rolling","Rolling SD of predictor (window=7 days)"
"adltccbo_roll_max_7","rolling","Rolling max of predictor (window=7 days)"
"adltccbo_change_7","rolling","Change over 7 days"
"adltccbo_roll_mean_14","rolling","Rolling mean of predictor (window=14 days)"
"adltccbo_roll_sd_14","rolling","Rolling SD of predictor (window=14 days)"
"adltccbo_roll_max_14","rolling","Rolling max of predictor (window=14 days)"
"adltccbo_change_14","rolling","Change over 14 days"
"adltccbo_roll_mean_30","rolling","Rolling mean of predictor (window=30 days)"
"adltccbo_roll_sd_30","rolling","Rolling SD of predictor (window=30 days)"
"adltccbo_roll_max_30","rolling","Rolling max of predictor (window=30 days)"
"adltccbo_change_30","rolling","Change over 30 days"
"boblpd_roll_mean_3","rolling","Rolling mean of predictor (window=3 days)"
"boblpd_roll_sd_3","rolling","Rolling SD of predictor (window=3 days)"
"boblpd_roll_max_3","rolling","Rolling max of predictor (window=3 days)"
"boblpd_change_3","rolling","Change over 3 days"
"boblpd_roll_mean_7","rolling","Rolling mean of predictor (window=7 days)"
"boblpd_roll_sd_7","rolling","Rolling SD of predictor (window=7 days)"
"boblpd_roll_max_7","rolling","Rolling max of predictor (window=7 days)"
"boblpd_change_7","rolling","Change over 7 days"
"boblpd_roll_mean_14","rolling","Rolling mean of predictor (window=14 days)"
"boblpd_roll_sd_14","rolling","Rolling SD of predictor (window=14 days)"
"boblpd_roll_max_14","rolling","Rolling max of predictor (window=14 days)"
"boblpd_change_14","rolling","Change over 14 days"
"boblpd_roll_mean_30","rolling","Rolling mean of predictor (window=30 days)"
"boblpd_roll_sd_30","rolling","Rolling SD of predictor (window=30 days)"
"boblpd_roll_max_30","rolling","Rolling max of predictor (window=30 days)"
"boblpd_change_30","rolling","Change over 30 days"
"ctocdtap_roll_mean_3","rolling","Rolling mean of predictor (window=3 days)"
"ctocdtap_roll_sd_3","rolling","Rolling SD of predictor (window=3 days)"
"ctocdtap_roll_max_3","rolling","Rolling max of predictor (window=3 days)"
"ctocdtap_change_3","rolling","Change over 3 days"
"ctocdtap_roll_mean_7","rolling","Rolling mean of predictor (window=7 days)"
"ctocdtap_roll_sd_7","rolling","Rolling SD of predictor (window=7 days)"
"ctocdtap_roll_max_7","rolling","Rolling max of predictor (window=7 days)"
"ctocdtap_change_7","rolling","Change over 7 days"
"ctocdtap_roll_mean_14","rolling","Rolling mean of predictor (window=14 days)"
"ctocdtap_roll_sd_14","rolling","Rolling SD of predictor (window=14 days)"
"ctocdtap_roll_max_14","rolling","Rolling max of predictor (window=14 days)"
"ctocdtap_change_14","rolling","Change over 14 days"
"ctocdtap_roll_mean_30","rolling","Rolling mean of predictor (window=30 days)"
"ctocdtap_roll_sd_30","rolling","Rolling SD of predictor (window=30 days)"
"ctocdtap_roll_max_30","rolling","Rolling max of predictor (window=30 days)"
"ctocdtap_change_30","rolling","Change over 30 days"
"ccbaccbo_roll_mean_3","rolling","Rolling mean of predictor (window=3 days)"
"ccbaccbo_roll_sd_3","rolling","Rolling SD of predictor (window=3 days)"
"ccbaccbo_roll_max_3","rolling","Rolling max of predictor (window=3 days)"
"ccbaccbo_change_3","rolling","Change over 3 days"
"ccbaccbo_roll_mean_7","rolling","Rolling mean of predictor (window=7 days)"
"ccbaccbo_roll_sd_7","rolling","Rolling SD of predictor (window=7 days)"
"ccbaccbo_roll_max_7","rolling","Rolling max of predictor (window=7 days)"
"ccbaccbo_change_7","rolling","Change over 7 days"
"ccbaccbo_roll_mean_14","rolling","Rolling mean of predictor (window=14 days)"
"ccbaccbo_roll_sd_14","rolling","Rolling SD of predictor (window=14 days)"
"ccbaccbo_roll_max_14","rolling","Rolling max of predictor (window=14 days)"
"ccbaccbo_change_14","rolling","Change over 14 days"
"ccbaccbo_roll_mean_30","rolling","Rolling mean of predictor (window=30 days)"
"ccbaccbo_roll_sd_30","rolling","Rolling SD of predictor (window=30 days)"
"ccbaccbo_roll_max_30","rolling","Rolling max of predictor (window=30 days)"
"ccbaccbo_change_30","rolling","Change over 30 days"
"ccbnicco_roll_mean_3","rolling","Rolling mean of predictor (window=3 days)"
"ccbnicco_roll_sd_3","rolling","Rolling SD of predictor (window=3 days)"
"ccbnicco_roll_max_3","rolling","Rolling max of predictor (window=3 days)"
"ccbnicco_change_3","rolling","Change over 3 days"
"ccbnicco_roll_mean_7","rolling","Rolling mean of predictor (window=7 days)"
"ccbnicco_roll_sd_7","rolling","Rolling SD of predictor (window=7 days)"
"ccbnicco_roll_max_7","rolling","Rolling max of predictor (window=7 days)"
"ccbnicco_change_7","rolling","Change over 7 days"
"ccbnicco_roll_mean_14","rolling","Rolling mean of predictor (window=14 days)"
"ccbnicco_roll_sd_14","rolling","Rolling SD of predictor (window=14 days)"
"ccbnicco_roll_max_14","rolling","Rolling max of predictor (window=14 days)"
"ccbnicco_change_14","rolling","Change over 14 days"
"ccbnicco_roll_mean_30","rolling","Rolling mean of predictor (window=30 days)"
"ccbnicco_roll_sd_30","rolling","Rolling SD of predictor (window=30 days)"
"ccbnicco_roll_max_30","rolling","Rolling max of predictor (window=30 days)"
"ccbnicco_change_30","rolling","Change over 30 days"
"ccbpicbo_roll_mean_3","rolling","Rolling mean of predictor (window=3 days)"
"ccbpicbo_roll_sd_3","rolling","Rolling SD of predictor (window=3 days)"
"ccbpicbo_roll_max_3","rolling","Rolling max of predictor (window=3 days)"
"ccbpicbo_change_3","rolling","Change over 3 days"
"ccbpicbo_roll_mean_7","rolling","Rolling mean of predictor (window=7 days)"
"ccbpicbo_roll_sd_7","rolling","Rolling SD of predictor (window=7 days)"
"ccbpicbo_roll_max_7","rolling","Rolling max of predictor (window=7 days)"
"ccbpicbo_change_7","rolling","Change over 7 days"
"ccbpicbo_roll_mean_14","rolling","Rolling mean of predictor (window=14 days)"
"ccbpicbo_roll_sd_14","rolling","Rolling SD of predictor (window=14 days)"
"ccbpicbo_roll_max_14","rolling","Rolling max of predictor (window=14 days)"
"ccbpicbo_change_14","rolling","Change over 14 days"
"ccbpicbo_roll_mean_30","rolling","Rolling mean of predictor (window=30 days)"
"ccbpicbo_roll_sd_30","rolling","Rolling SD of predictor (window=30 days)"
"ccbpicbo_roll_max_30","rolling","Rolling max of predictor (window=30 days)"
"ccbpicbo_change_30","rolling","Change over 30 days"
"dodawddk_roll_mean_3","rolling","Rolling mean of predictor (window=3 days)"
"dodawddk_roll_sd_3","rolling","Rolling SD of predictor (window=3 days)"
"dodawddk_roll_max_3","rolling","Rolling max of predictor (window=3 days)"
"dodawddk_change_3","rolling","Change over 3 days"
"dodawddk_roll_mean_7","rolling","Rolling mean of predictor (window=7 days)"
"dodawddk_roll_sd_7","rolling","Rolling SD of predictor (window=7 days)"
"dodawddk_roll_max_7","rolling","Rolling max of predictor (window=7 days)"
"dodawddk_change_7","rolling","Change over 7 days"
"dodawddk_roll_mean_14","rolling","Rolling mean of predictor (window=14 days)"
"dodawddk_roll_sd_14","rolling","Rolling SD of predictor (window=14 days)"
"dodawddk_roll_max_14","rolling","Rolling max of predictor (window=14 days)"
"dodawddk_change_14","rolling","Change over 14 days"
"dodawddk_roll_mean_30","rolling","Rolling mean of predictor (window=30 days)"
"dodawddk_roll_sd_30","rolling","Rolling SD of predictor (window=30 days)"
"dodawddk_roll_max_30","rolling","Rolling max of predictor (window=30 days)"
"dodawddk_change_30","rolling","Change over 30 days"
"dodawdapdi_roll_mean_3","rolling","Rolling mean of predictor (window=3 days)"
"dodawdapdi_roll_sd_3","rolling","Rolling SD of predictor (window=3 days)"
"dodawdapdi_roll_max_3","rolling","Rolling max of predictor (window=3 days)"
"dodawdapdi_change_3","rolling","Change over 3 days"
"dodawdapdi_roll_mean_7","rolling","Rolling mean of predictor (window=7 days)"
"dodawdapdi_roll_sd_7","rolling","Rolling SD of predictor (window=7 days)"
"dodawdapdi_roll_max_7","rolling","Rolling max of predictor (window=7 days)"
"dodawdapdi_change_7","rolling","Change over 7 days"
"dodawdapdi_roll_mean_14","rolling","Rolling mean of predictor (window=14 days)"
"dodawdapdi_roll_sd_14","rolling","Rolling SD of predictor (window=14 days)"
"dodawdapdi_roll_max_14","rolling","Rolling max of predictor (window=14 days)"
"dodawdapdi_change_14","rolling","Change over 14 days"
"dodawdapdi_roll_mean_30","rolling","Rolling mean of predictor (window=30 days)"
"dodawdapdi_roll_sd_30","rolling","Rolling SD of predictor (window=30 days)"
"dodawdapdi_roll_max_30","rolling","Rolling max of predictor (window=30 days)"
"dodawdapdi_change_30","rolling","Change over 30 days"
"dtacpbo_roll_mean_3","rolling","Rolling mean of predictor (window=3 days)"
"dtacpbo_roll_sd_3","rolling","Rolling SD of predictor (window=3 days)"
"dtacpbo_roll_max_3","rolling","Rolling max of predictor (window=3 days)"
"dtacpbo_change_3","rolling","Change over 3 days"
"dtacpbo_roll_mean_7","rolling","Rolling mean of predictor (window=7 days)"
"dtacpbo_roll_sd_7","rolling","Rolling SD of predictor (window=7 days)"
"dtacpbo_roll_max_7","rolling","Rolling max of predictor (window=7 days)"
"dtacpbo_change_7","rolling","Change over 7 days"
"dtacpbo_roll_mean_14","rolling","Rolling mean of predictor (window=14 days)"
"dtacpbo_roll_sd_14","rolling","Rolling SD of predictor (window=14 days)"
"dtacpbo_roll_max_14","rolling","Rolling max of predictor (window=14 days)"
"dtacpbo_change_14","rolling","Change over 14 days"
"dtacpbo_roll_mean_30","rolling","Rolling mean of predictor (window=30 days)"
"dtacpbo_roll_sd_30","rolling","Rolling SD of predictor (window=30 days)"
"dtacpbo_roll_max_30","rolling","Rolling max of predictor (window=30 days)"
"dtacpbo_change_30","rolling","Change over 30 days"
"dpbauwfcmfaniaa_roll_mean_3","rolling","Rolling mean of predictor (window=3 days)"
"dpbauwfcmfaniaa_roll_sd_3","rolling","Rolling SD of predictor (window=3 days)"
"dpbauwfcmfaniaa_roll_max_3","rolling","Rolling max of predictor (window=3 days)"
"dpbauwfcmfaniaa_change_3","rolling","Change over 3 days"
"dpbauwfcmfaniaa_roll_mean_7","rolling","Rolling mean of predictor (window=7 days)"
"dpbauwfcmfaniaa_roll_sd_7","rolling","Rolling SD of predictor (window=7 days)"
"dpbauwfcmfaniaa_roll_max_7","rolling","Rolling max of predictor (window=7 days)"
"dpbauwfcmfaniaa_change_7","rolling","Change over 7 days"
"dpbauwfcmfaniaa_roll_mean_14","rolling","Rolling mean of predictor (window=14 days)"
"dpbauwfcmfaniaa_roll_sd_14","rolling","Rolling SD of predictor (window=14 days)"
"dpbauwfcmfaniaa_roll_max_14","rolling","Rolling max of predictor (window=14 days)"
"dpbauwfcmfaniaa_change_14","rolling","Change over 14 days"
"dpbauwfcmfaniaa_roll_mean_30","rolling","Rolling mean of predictor (window=30 days)"
"dpbauwfcmfaniaa_roll_sd_30","rolling","Rolling SD of predictor (window=30 days)"
"dpbauwfcmfaniaa_roll_max_30","rolling","Rolling max of predictor (window=30 days)"
"dpbauwfcmfaniaa_change_30","rolling","Change over 30 days"
"dapbauwfcmfartla_roll_mean_3","rolling","Rolling mean of predictor (window=3 days)"
"dapbauwfcmfartla_roll_sd_3","rolling","Rolling SD of predictor (window=3 days)"
"dapbauwfcmfartla_roll_max_3","rolling","Rolling max of predictor (window=3 days)"
"dapbauwfcmfartla_change_3","rolling","Change over 3 days"
"dapbauwfcmfartla_roll_mean_7","rolling","Rolling mean of predictor (window=7 days)"
"dapbauwfcmfartla_roll_sd_7","rolling","Rolling SD of predictor (window=7 days)"
"dapbauwfcmfartla_roll_max_7","rolling","Rolling max of predictor (window=7 days)"
"dapbauwfcmfartla_change_7","rolling","Change over 7 days"
"dapbauwfcmfartla_roll_mean_14","rolling","Rolling mean of predictor (window=14 days)"
"dapbauwfcmfartla_roll_sd_14","rolling","Rolling SD of predictor (window=14 days)"
"dapbauwfcmfartla_roll_max_14","rolling","Rolling max of predictor (window=14 days)"
"dapbauwfcmfartla_change_14","rolling","Change over 14 days"
"dapbauwfcmfartla_roll_mean_30","rolling","Rolling mean of predictor (window=30 days)"
"dapbauwfcmfartla_roll_sd_30","rolling","Rolling SD of predictor (window=30 days)"
"dapbauwfcmfartla_roll_max_30","rolling","Rolling max of predictor (window=30 days)"
"dapbauwfcmfartla_change_30","rolling","Change over 30 days"
"dpbwfcmfaniaa_roll_mean_3","rolling","Rolling mean of predictor (window=3 days)"
"dpbwfcmfaniaa_roll_sd_3","rolling","Rolling SD of predictor (window=3 days)"
"dpbwfcmfaniaa_roll_max_3","rolling","Rolling max of predictor (window=3 days)"
"dpbwfcmfaniaa_change_3","rolling","Change over 3 days"
"dpbwfcmfaniaa_roll_mean_7","rolling","Rolling mean of predictor (window=7 days)"
"dpbwfcmfaniaa_roll_sd_7","rolling","Rolling SD of predictor (window=7 days)"
"dpbwfcmfaniaa_roll_max_7","rolling","Rolling max of predictor (window=7 days)"
"dpbwfcmfaniaa_change_7","rolling","Change over 7 days"
"dpbwfcmfaniaa_roll_mean_14","rolling","Rolling mean of predictor (window=14 days)"
"dpbwfcmfaniaa_roll_sd_14","rolling","Rolling SD of predictor (window=14 days)"
"dpbwfcmfaniaa_roll_max_14","rolling","Rolling max of predictor (window=14 days)"
"dpbwfcmfaniaa_change_14","rolling","Change over 14 days"
"dpbwfcmfaniaa_roll_mean_30","rolling","Rolling mean of predictor (window=30 days)"
"dpbwfcmfaniaa_roll_sd_30","rolling","Rolling SD of predictor (window=30 days)"
"dpbwfcmfaniaa_roll_max_30","rolling","Rolling max of predictor (window=30 days)"
"dpbwfcmfaniaa_change_30","rolling","Change over 30 days"
"dapbwfcmfartla_roll_mean_3","rolling","Rolling mean of predictor (window=3 days)"
"dapbwfcmfartla_roll_sd_3","rolling","Rolling SD of predictor (window=3 days)"
"dapbwfcmfartla_roll_max_3","rolling","Rolling max of predictor (window=3 days)"
"dapbwfcmfartla_change_3","rolling","Change over 3 days"
"dapbwfcmfartla_roll_mean_7","rolling","Rolling mean of predictor (window=7 days)"
"dapbwfcmfartla_roll_sd_7","rolling","Rolling SD of predictor (window=7 days)"
"dapbwfcmfartla_roll_max_7","rolling","Rolling max of predictor (window=7 days)"
"dapbwfcmfartla_change_7","rolling","Change over 7 days"
"dapbwfcmfartla_roll_mean_14","rolling","Rolling mean of predictor (window=14 days)"
"dapbwfcmfartla_roll_sd_14","rolling","Rolling SD of predictor (window=14 days)"
"dapbwfcmfartla_roll_max_14","rolling","Rolling max of predictor (window=14 days)"
"dapbwfcmfartla_change_14","rolling","Change over 14 days"
"dapbwfcmfartla_roll_mean_30","rolling","Rolling mean of predictor (window=30 days)"
"dapbwfcmfartla_roll_sd_30","rolling","Rolling SD of predictor (window=30 days)"
"dapbwfcmfartla_roll_max_30","rolling","Rolling max of predictor (window=30 days)"
"dapbwfcmfartla_change_30","rolling","Change over 30 days"
"dtaprfr_roll_mean_3","rolling","Rolling mean of predictor (window=3 days)"
"dtaprfr_roll_sd_3","rolling","Rolling SD of predictor (window=3 days)"
"dtaprfr_roll_max_3","rolling","Rolling max of predictor (window=3 days)"
"dtaprfr_change_3","rolling","Change over 3 days"
"dtaprfr_roll_mean_7","rolling","Rolling mean of predictor (window=7 days)"
"dtaprfr_roll_sd_7","rolling","Rolling SD of predictor (window=7 days)"
"dtaprfr_roll_max_7","rolling","Rolling max of predictor (window=7 days)"
"dtaprfr_change_7","rolling","Change over 7 days"
"dtaprfr_roll_mean_14","rolling","Rolling mean of predictor (window=14 days)"
"dtaprfr_roll_sd_14","rolling","Rolling SD of predictor (window=14 days)"
"dtaprfr_roll_max_14","rolling","Rolling max of predictor (window=14 days)"
"dtaprfr_change_14","rolling","Change over 14 days"
"dtaprfr_roll_mean_30","rolling","Rolling mean of predictor (window=30 days)"
"dtaprfr_roll_sd_30","rolling","Rolling SD of predictor (window=30 days)"
"dtaprfr_roll_max_30","rolling","Rolling max of predictor (window=30 days)"
"dtaprfr_change_30","rolling","Change over 30 days"
"dptauwfcamfaiasan_roll_mean_3","rolling","Rolling mean of predictor (window=3 days)"
"dptauwfcamfaiasan_roll_sd_3","rolling","Rolling SD of predictor (window=3 days)"
"dptauwfcamfaiasan_roll_max_3","rolling","Rolling max of predictor (window=3 days)"
"dptauwfcamfaiasan_change_3","rolling","Change over 3 days"
"dptauwfcamfaiasan_roll_mean_7","rolling","Rolling mean of predictor (window=7 days)"
"dptauwfcamfaiasan_roll_sd_7","rolling","Rolling SD of predictor (window=7 days)"
"dptauwfcamfaiasan_roll_max_7","rolling","Rolling max of predictor (window=7 days)"
"dptauwfcamfaiasan_change_7","rolling","Change over 7 days"
"dptauwfcamfaiasan_roll_mean_14","rolling","Rolling mean of predictor (window=14 days)"
"dptauwfcamfaiasan_roll_sd_14","rolling","Rolling SD of predictor (window=14 days)"
"dptauwfcamfaiasan_roll_max_14","rolling","Rolling max of predictor (window=14 days)"
"dptauwfcamfaiasan_change_14","rolling","Change over 14 days"
"dptauwfcamfaiasan_roll_mean_30","rolling","Rolling mean of predictor (window=30 days)"
"dptauwfcamfaiasan_roll_sd_30","rolling","Rolling SD of predictor (window=30 days)"
"dptauwfcamfaiasan_roll_max_30","rolling","Rolling max of predictor (window=30 days)"
"dptauwfcamfaiasan_change_30","rolling","Change over 30 days"
"dpuwfcmfaniaa_roll_mean_3","rolling","Rolling mean of predictor (window=3 days)"
"dpuwfcmfaniaa_roll_sd_3","rolling","Rolling SD of predictor (window=3 days)"
"dpuwfcmfaniaa_roll_max_3","rolling","Rolling max of predictor (window=3 days)"
"dpuwfcmfaniaa_change_3","rolling","Change over 3 days"
"dpuwfcmfaniaa_roll_mean_7","rolling","Rolling mean of predictor (window=7 days)"
"dpuwfcmfaniaa_roll_sd_7","rolling","Rolling SD of predictor (window=7 days)"
"dpuwfcmfaniaa_roll_max_7","rolling","Rolling max of predictor (window=7 days)"
"dpuwfcmfaniaa_change_7","rolling","Change over 7 days"
"dpuwfcmfaniaa_roll_mean_14","rolling","Rolling mean of predictor (window=14 days)"
"dpuwfcmfaniaa_roll_sd_14","rolling","Rolling SD of predictor (window=14 days)"
"dpuwfcmfaniaa_roll_max_14","rolling","Rolling max of predictor (window=14 days)"
"dpuwfcmfaniaa_change_14","rolling","Change over 14 days"
"dpuwfcmfaniaa_roll_mean_30","rolling","Rolling mean of predictor (window=30 days)"
"dpuwfcmfaniaa_roll_sd_30","rolling","Rolling SD of predictor (window=30 days)"
"dpuwfcmfaniaa_roll_max_30","rolling","Rolling max of predictor (window=30 days)"
"dpuwfcmfaniaa_change_30","rolling","Change over 30 days"
"dapuwfcmfartla_roll_mean_3","rolling","Rolling mean of predictor (window=3 days)"
"dapuwfcmfartla_roll_sd_3","rolling","Rolling SD of predictor (window=3 days)"
"dapuwfcmfartla_roll_max_3","rolling","Rolling max of predictor (window=3 days)"
"dapuwfcmfartla_change_3","rolling","Change over 3 days"
"dapuwfcmfartla_roll_mean_7","rolling","Rolling mean of predictor (window=7 days)"
"dapuwfcmfartla_roll_sd_7","rolling","Rolling SD of predictor (window=7 days)"
"dapuwfcmfartla_roll_max_7","rolling","Rolling max of predictor (window=7 days)"
"dapuwfcmfartla_change_7","rolling","Change over 7 days"
"dapuwfcmfartla_roll_mean_14","rolling","Rolling mean of predictor (window=14 days)"
"dapuwfcmfartla_roll_sd_14","rolling","Rolling SD of predictor (window=14 days)"
"dapuwfcmfartla_roll_max_14","rolling","Rolling max of predictor (window=14 days)"
"dapuwfcmfartla_change_14","rolling","Change over 14 days"
"dapuwfcmfartla_roll_mean_30","rolling","Rolling mean of predictor (window=30 days)"
"dapuwfcmfartla_roll_sd_30","rolling","Rolling SD of predictor (window=30 days)"
"dapuwfcmfartla_roll_max_30","rolling","Rolling max of predictor (window=30 days)"
"dapuwfcmfartla_change_30","rolling","Change over 30 days"
"dtapslb_roll_mean_3","rolling","Rolling mean of predictor (window=3 days)"
"dtapslb_roll_sd_3","rolling","Rolling SD of predictor (window=3 days)"
"dtapslb_roll_max_3","rolling","Rolling max of predictor (window=3 days)"
"dtapslb_change_3","rolling","Change over 3 days"
"dtapslb_roll_mean_7","rolling","Rolling mean of predictor (window=7 days)"
"dtapslb_roll_sd_7","rolling","Rolling SD of predictor (window=7 days)"
"dtapslb_roll_max_7","rolling","Rolling max of predictor (window=7 days)"
"dtapslb_change_7","rolling","Change over 7 days"
"dtapslb_roll_mean_14","rolling","Rolling mean of predictor (window=14 days)"
"dtapslb_roll_sd_14","rolling","Rolling SD of predictor (window=14 days)"
"dtapslb_roll_max_14","rolling","Rolling max of predictor (window=14 days)"
"dtapslb_change_14","rolling","Change over 14 days"
"dtapslb_roll_mean_30","rolling","Rolling mean of predictor (window=30 days)"
"dtapslb_roll_sd_30","rolling","Rolling SD of predictor (window=30 days)"
"dtapslb_roll_max_30","rolling","Rolling max of predictor (window=30 days)"
"dtapslb_change_30","rolling","Change over 30 days"
"dapbwfcmfartla.1_roll_mean_3","rolling","Rolling mean of predictor (window=3 days)"
"dapbwfcmfartla.1_roll_sd_3","rolling","Rolling SD of predictor (window=3 days)"
"dapbwfcmfartla.1_roll_max_3","rolling","Rolling max of predictor (window=3 days)"
"dapbwfcmfartla.1_change_3","rolling","Change over 3 days"
"dapbwfcmfartla.1_roll_mean_7","rolling","Rolling mean of predictor (window=7 days)"
"dapbwfcmfartla.1_roll_sd_7","rolling","Rolling SD of predictor (window=7 days)"
"dapbwfcmfartla.1_roll_max_7","rolling","Rolling max of predictor (window=7 days)"
"dapbwfcmfartla.1_change_7","rolling","Change over 7 days"
"dapbwfcmfartla.1_roll_mean_14","rolling","Rolling mean of predictor (window=14 days)"
"dapbwfcmfartla.1_roll_sd_14","rolling","Rolling SD of predictor (window=14 days)"
"dapbwfcmfartla.1_roll_max_14","rolling","Rolling max of predictor (window=14 days)"
"dapbwfcmfartla.1_change_14","rolling","Change over 14 days"
"dapbwfcmfartla.1_roll_mean_30","rolling","Rolling mean of predictor (window=30 days)"
"dapbwfcmfartla.1_roll_sd_30","rolling","Rolling SD of predictor (window=30 days)"
"dapbwfcmfartla.1_roll_max_30","rolling","Rolling max of predictor (window=30 days)"
"dapbwfcmfartla.1_change_30","rolling","Change over 30 days"
"dtapbdo_roll_mean_3","rolling","Rolling mean of predictor (window=3 days)"
"dtapbdo_roll_sd_3","rolling","Rolling SD of predictor (window=3 days)"
"dtapbdo_roll_max_3","rolling","Rolling max of predictor (window=3 days)"
"dtapbdo_change_3","rolling","Change over 3 days"
"dtapbdo_roll_mean_7","rolling","Rolling mean of predictor (window=7 days)"
"dtapbdo_roll_sd_7","rolling","Rolling SD of predictor (window=7 days)"
"dtapbdo_roll_max_7","rolling","Rolling max of predictor (window=7 days)"
"dtapbdo_change_7","rolling","Change over 7 days"
"dtapbdo_roll_mean_14","rolling","Rolling mean of predictor (window=14 days)"
"dtapbdo_roll_sd_14","rolling","Rolling SD of predictor (window=14 days)"
"dtapbdo_roll_max_14","rolling","Rolling max of predictor (window=14 days)"
"dtapbdo_change_14","rolling","Change over 14 days"
"dtapbdo_roll_mean_30","rolling","Rolling mean of predictor (window=30 days)"
"dtapbdo_roll_sd_30","rolling","Rolling SD of predictor (window=30 days)"
"dtapbdo_roll_max_30","rolling","Rolling max of predictor (window=30 days)"
"dtapbdo_change_30","rolling","Change over 30 days"
"dtaprfr.1_roll_mean_3","rolling","Rolling mean of predictor (window=3 days)"
"dtaprfr.1_roll_sd_3","rolling","Rolling SD of predictor (window=3 days)"
"dtaprfr.1_roll_max_3","rolling","Rolling max of predictor (window=3 days)"
"dtaprfr.1_change_3","rolling","Change over 3 days"
"dtaprfr.1_roll_mean_7","rolling","Rolling mean of predictor (window=7 days)"
"dtaprfr.1_roll_sd_7","rolling","Rolling SD of predictor (window=7 days)"
"dtaprfr.1_roll_max_7","rolling","Rolling max of predictor (window=7 days)"
"dtaprfr.1_change_7","rolling","Change over 7 days"
"dtaprfr.1_roll_mean_14","rolling","Rolling mean of predictor (window=14 days)"
"dtaprfr.1_roll_sd_14","rolling","Rolling SD of predictor (window=14 days)"
"dtaprfr.1_roll_max_14","rolling","Rolling max of predictor (window=14 days)"
"dtaprfr.1_change_14","rolling","Change over 14 days"
"dtaprfr.1_roll_mean_30","rolling","Rolling mean of predictor (window=30 days)"
"dtaprfr.1_roll_sd_30","rolling","Rolling SD of predictor (window=30 days)"
"dtaprfr.1_roll_max_30","rolling","Rolling max of predictor (window=30 days)"
"dtaprfr.1_change_30","rolling","Change over 30 days"
"dptbauwfcmfartla_roll_mean_3","rolling","Rolling mean of predictor (window=3 days)"
"dptbauwfcmfartla_roll_sd_3","rolling","Rolling SD of predictor (window=3 days)"
"dptbauwfcmfartla_roll_max_3","rolling","Rolling max of predictor (window=3 days)"
"dptbauwfcmfartla_change_3","rolling","Change over 3 days"
"dptbauwfcmfartla_roll_mean_7","rolling","Rolling mean of predictor (window=7 days)"
"dptbauwfcmfartla_roll_sd_7","rolling","Rolling SD of predictor (window=7 days)"
"dptbauwfcmfartla_roll_max_7","rolling","Rolling max of predictor (window=7 days)"
"dptbauwfcmfartla_change_7","rolling","Change over 7 days"
"dptbauwfcmfartla_roll_mean_14","rolling","Rolling mean of predictor (window=14 days)"
"dptbauwfcmfartla_roll_sd_14","rolling","Rolling SD of predictor (window=14 days)"
"dptbauwfcmfartla_roll_max_14","rolling","Rolling max of predictor (window=14 days)"
"dptbauwfcmfartla_change_14","rolling","Change over 14 days"
"dptbauwfcmfartla_roll_mean_30","rolling","Rolling mean of predictor (window=30 days)"
"dptbauwfcmfartla_roll_sd_30","rolling","Rolling SD of predictor (window=30 days)"
"dptbauwfcmfartla_roll_max_30","rolling","Rolling max of predictor (window=30 days)"
"dptbauwfcmfartla_change_30","rolling","Change over 30 days"
"dapuwfcmfartla.1_roll_mean_3","rolling","Rolling mean of predictor (window=3 days)"
"dapuwfcmfartla.1_roll_sd_3","rolling","Rolling SD of predictor (window=3 days)"
"dapuwfcmfartla.1_roll_max_3","rolling","Rolling max of predictor (window=3 days)"
"dapuwfcmfartla.1_change_3","rolling","Change over 3 days"
"dapuwfcmfartla.1_roll_mean_7","rolling","Rolling mean of predictor (window=7 days)"
"dapuwfcmfartla.1_roll_sd_7","rolling","Rolling SD of predictor (window=7 days)"
"dapuwfcmfartla.1_roll_max_7","rolling","Rolling max of predictor (window=7 days)"
"dapuwfcmfartla.1_change_7","rolling","Change over 7 days"
"dapuwfcmfartla.1_roll_mean_14","rolling","Rolling mean of predictor (window=14 days)"
"dapuwfcmfartla.1_roll_sd_14","rolling","Rolling SD of predictor (window=14 days)"
"dapuwfcmfartla.1_roll_max_14","rolling","Rolling max of predictor (window=14 days)"
"dapuwfcmfartla.1_change_14","rolling","Change over 14 days"
"dapuwfcmfartla.1_roll_mean_30","rolling","Rolling mean of predictor (window=30 days)"
"dapuwfcmfartla.1_roll_sd_30","rolling","Rolling SD of predictor (window=30 days)"
"dapuwfcmfartla.1_roll_max_30","rolling","Rolling max of predictor (window=30 days)"
"dapuwfcmfartla.1_change_30","rolling","Change over 30 days"
"dtaprfr.2_roll_mean_3","rolling","Rolling mean of predictor (window=3 days)"
"dtaprfr.2_roll_sd_3","rolling","Rolling SD of predictor (window=3 days)"
"dtaprfr.2_roll_max_3","rolling","Rolling max of predictor (window=3 days)"
"dtaprfr.2_change_3","rolling","Change over 3 days"
"dtaprfr.2_roll_mean_7","rolling","Rolling mean of predictor (window=7 days)"
"dtaprfr.2_roll_sd_7","rolling","Rolling SD of predictor (window=7 days)"
"dtaprfr.2_roll_max_7","rolling","Rolling max of predictor (window=7 days)"
"dtaprfr.2_change_7","rolling","Change over 7 days"
"dtaprfr.2_roll_mean_14","rolling","Rolling mean of predictor (window=14 days)"
"dtaprfr.2_roll_sd_14","rolling","Rolling SD of predictor (window=14 days)"
"dtaprfr.2_roll_max_14","rolling","Rolling max of predictor (window=14 days)"
"dtaprfr.2_change_14","rolling","Change over 14 days"
"dtaprfr.2_roll_mean_30","rolling","Rolling mean of predictor (window=30 days)"
"dtaprfr.2_roll_sd_30","rolling","Rolling SD of predictor (window=30 days)"
"dtaprfr.2_roll_max_30","rolling","Rolling max of predictor (window=30 days)"
"dtaprfr.2_change_30","rolling","Change over 30 days"
"dapbauwfcmfartla.1_roll_mean_3","rolling","Rolling mean of predictor (window=3 days)"
"dapbauwfcmfartla.1_roll_sd_3","rolling","Rolling SD of predictor (window=3 days)"
"dapbauwfcmfartla.1_roll_max_3","rolling","Rolling max of predictor (window=3 days)"
"dapbauwfcmfartla.1_change_3","rolling","Change over 3 days"
"dapbauwfcmfartla.1_roll_mean_7","rolling","Rolling mean of predictor (window=7 days)"
"dapbauwfcmfartla.1_roll_sd_7","rolling","Rolling SD of predictor (window=7 days)"
"dapbauwfcmfartla.1_roll_max_7","rolling","Rolling max of predictor (window=7 days)"
"dapbauwfcmfartla.1_change_7","rolling","Change over 7 days"
"dapbauwfcmfartla.1_roll_mean_14","rolling","Rolling mean of predictor (window=14 days)"
"dapbauwfcmfartla.1_roll_sd_14","rolling","Rolling SD of predictor (window=14 days)"
"dapbauwfcmfartla.1_roll_max_14","rolling","Rolling max of predictor (window=14 days)"
"dapbauwfcmfartla.1_change_14","rolling","Change over 14 days"
"dapbauwfcmfartla.1_roll_mean_30","rolling","Rolling mean of predictor (window=30 days)"
"dapbauwfcmfartla.1_roll_sd_30","rolling","Rolling SD of predictor (window=30 days)"
"dapbauwfcmfartla.1_roll_max_30","rolling","Rolling max of predictor (window=30 days)"
"dapbauwfcmfartla.1_change_30","rolling","Change over 30 days"
"dapbwfcmfartla.2_roll_mean_3","rolling","Rolling mean of predictor (window=3 days)"
"dapbwfcmfartla.2_roll_sd_3","rolling","Rolling SD of predictor (window=3 days)"
"dapbwfcmfartla.2_roll_max_3","rolling","Rolling max of predictor (window=3 days)"
"dapbwfcmfartla.2_change_3","rolling","Change over 3 days"
"dapbwfcmfartla.2_roll_mean_7","rolling","Rolling mean of predictor (window=7 days)"
"dapbwfcmfartla.2_roll_sd_7","rolling","Rolling SD of predictor (window=7 days)"
"dapbwfcmfartla.2_roll_max_7","rolling","Rolling max of predictor (window=7 days)"
"dapbwfcmfartla.2_change_7","rolling","Change over 7 days"
"dapbwfcmfartla.2_roll_mean_14","rolling","Rolling mean of predictor (window=14 days)"
"dapbwfcmfartla.2_roll_sd_14","rolling","Rolling SD of predictor (window=14 days)"
"dapbwfcmfartla.2_roll_max_14","rolling","Rolling max of predictor (window=14 days)"
"dapbwfcmfartla.2_change_14","rolling","Change over 14 days"
"dapbwfcmfartla.2_roll_mean_30","rolling","Rolling mean of predictor (window=30 days)"
"dapbwfcmfartla.2_roll_sd_30","rolling","Rolling SD of predictor (window=30 days)"
"dapbwfcmfartla.2_roll_max_30","rolling","Rolling max of predictor (window=30 days)"
"dapbwfcmfartla.2_change_30","rolling","Change over 30 days"
"dptauwfcamfaiasatb_roll_mean_3","rolling","Rolling mean of predictor (window=3 days)"
"dptauwfcamfaiasatb_roll_sd_3","rolling","Rolling SD of predictor (window=3 days)"
"dptauwfcamfaiasatb_roll_max_3","rolling","Rolling max of predictor (window=3 days)"
"dptauwfcamfaiasatb_change_3","rolling","Change over 3 days"
"dptauwfcamfaiasatb_roll_mean_7","rolling","Rolling mean of predictor (window=7 days)"
"dptauwfcamfaiasatb_roll_sd_7","rolling","Rolling SD of predictor (window=7 days)"
"dptauwfcamfaiasatb_roll_max_7","rolling","Rolling max of predictor (window=7 days)"
"dptauwfcamfaiasatb_change_7","rolling","Change over 7 days"
"dptauwfcamfaiasatb_roll_mean_14","rolling","Rolling mean of predictor (window=14 days)"
"dptauwfcamfaiasatb_roll_sd_14","rolling","Rolling SD of predictor (window=14 days)"
"dptauwfcamfaiasatb_roll_max_14","rolling","Rolling max of predictor (window=14 days)"
"dptauwfcamfaiasatb_change_14","rolling","Change over 14 days"
"dptauwfcamfaiasatb_roll_mean_30","rolling","Rolling mean of predictor (window=30 days)"
"dptauwfcamfaiasatb_roll_sd_30","rolling","Rolling SD of predictor (window=30 days)"
"dptauwfcamfaiasatb_roll_max_30","rolling","Rolling max of predictor (window=30 days)"
"dptauwfcamfaiasatb_change_30","rolling","Change over 30 days"
"dapuwfcmfartla.2_roll_mean_3","rolling","Rolling mean of predictor (window=3 days)"
"dapuwfcmfartla.2_roll_sd_3","rolling","Rolling SD of predictor (window=3 days)"
"dapuwfcmfartla.2_roll_max_3","rolling","Rolling max of predictor (window=3 days)"
"dapuwfcmfartla.2_change_3","rolling","Change over 3 days"
"dapuwfcmfartla.2_roll_mean_7","rolling","Rolling mean of predictor (window=7 days)"
"dapuwfcmfartla.2_roll_sd_7","rolling","Rolling SD of predictor (window=7 days)"
"dapuwfcmfartla.2_roll_max_7","rolling","Rolling max of predictor (window=7 days)"
"dapuwfcmfartla.2_change_7","rolling","Change over 7 days"
"dapuwfcmfartla.2_roll_mean_14","rolling","Rolling mean of predictor (window=14 days)"
"dapuwfcmfartla.2_roll_sd_14","rolling","Rolling SD of predictor (window=14 days)"
"dapuwfcmfartla.2_roll_max_14","rolling","Rolling max of predictor (window=14 days)"
"dapuwfcmfartla.2_change_14","rolling","Change over 14 days"
"dapuwfcmfartla.2_roll_mean_30","rolling","Rolling mean of predictor (window=30 days)"
"dapuwfcmfartla.2_roll_sd_30","rolling","Rolling SD of predictor (window=30 days)"
"dapuwfcmfartla.2_roll_max_30","rolling","Rolling max of predictor (window=30 days)"
"dapuwfcmfartla.2_change_30","rolling","Change over 30 days"
"dtapbdo.1_roll_mean_3","rolling","Rolling mean of predictor (window=3 days)"
"dtapbdo.1_roll_sd_3","rolling","Rolling SD of predictor (window=3 days)"
"dtapbdo.1_roll_max_3","rolling","Rolling max of predictor (window=3 days)"
"dtapbdo.1_change_3","rolling","Change over 3 days"
"dtapbdo.1_roll_mean_7","rolling","Rolling mean of predictor (window=7 days)"
"dtapbdo.1_roll_sd_7","rolling","Rolling SD of predictor (window=7 days)"
"dtapbdo.1_roll_max_7","rolling","Rolling max of predictor (window=7 days)"
"dtapbdo.1_change_7","rolling","Change over 7 days"
"dtapbdo.1_roll_mean_14","rolling","Rolling mean of predictor (window=14 days)"
"dtapbdo.1_roll_sd_14","rolling","Rolling SD of predictor (window=14 days)"
"dtapbdo.1_roll_max_14","rolling","Rolling max of predictor (window=14 days)"
"dtapbdo.1_change_14","rolling","Change over 14 days"
"dtapbdo.1_roll_mean_30","rolling","Rolling mean of predictor (window=30 days)"
"dtapbdo.1_roll_sd_30","rolling","Rolling SD of predictor (window=30 days)"
"dtapbdo.1_roll_max_30","rolling","Rolling max of predictor (window=30 days)"
"dtapbdo.1_change_30","rolling","Change over 30 days"
"dasbprbo_roll_mean_3","rolling","Rolling mean of predictor (window=3 days)"
"dasbprbo_roll_sd_3","rolling","Rolling SD of predictor (window=3 days)"
"dasbprbo_roll_max_3","rolling","Rolling max of predictor (window=3 days)"
"dasbprbo_change_3","rolling","Change over 3 days"
"dasbprbo_roll_mean_7","rolling","Rolling mean of predictor (window=7 days)"
"dasbprbo_roll_sd_7","rolling","Rolling SD of predictor (window=7 days)"
"dasbprbo_roll_max_7","rolling","Rolling max of predictor (window=7 days)"
"dasbprbo_change_7","rolling","Change over 7 days"
"dasbprbo_roll_mean_14","rolling","Rolling mean of predictor (window=14 days)"
"dasbprbo_roll_sd_14","rolling","Rolling SD of predictor (window=14 days)"
"dasbprbo_roll_max_14","rolling","Rolling max of predictor (window=14 days)"
"dasbprbo_change_14","rolling","Change over 14 days"
"dasbprbo_roll_mean_30","rolling","Rolling mean of predictor (window=30 days)"
"dasbprbo_roll_sd_30","rolling","Rolling SD of predictor (window=30 days)"
"dasbprbo_roll_max_30","rolling","Rolling max of predictor (window=30 days)"
"dasbprbo_change_30","rolling","Change over 30 days"
"dasbpsbo_roll_mean_3","rolling","Rolling mean of predictor (window=3 days)"
"dasbpsbo_roll_sd_3","rolling","Rolling SD of predictor (window=3 days)"
"dasbpsbo_roll_max_3","rolling","Rolling max of predictor (window=3 days)"
"dasbpsbo_change_3","rolling","Change over 3 days"
"dasbpsbo_roll_mean_7","rolling","Rolling mean of predictor (window=7 days)"
"dasbpsbo_roll_sd_7","rolling","Rolling SD of predictor (window=7 days)"
"dasbpsbo_roll_max_7","rolling","Rolling max of predictor (window=7 days)"
"dasbpsbo_change_7","rolling","Change over 7 days"
"dasbpsbo_roll_mean_14","rolling","Rolling mean of predictor (window=14 days)"
"dasbpsbo_roll_sd_14","rolling","Rolling SD of predictor (window=14 days)"
"dasbpsbo_roll_max_14","rolling","Rolling max of predictor (window=14 days)"
"dasbpsbo_change_14","rolling","Change over 14 days"
"dasbpsbo_roll_mean_30","rolling","Rolling mean of predictor (window=30 days)"
"dasbpsbo_roll_sd_30","rolling","Rolling SD of predictor (window=30 days)"
"dasbpsbo_roll_max_30","rolling","Rolling max of predictor (window=30 days)"
"dasbpsbo_change_30","rolling","Change over 30 days"
"escltnbo_roll_mean_3","rolling","Rolling mean of predictor (window=3 days)"
"escltnbo_roll_sd_3","rolling","Rolling SD of predictor (window=3 days)"
"escltnbo_roll_max_3","rolling","Rolling max of predictor (window=3 days)"
"escltnbo_change_3","rolling","Change over 3 days"
"escltnbo_roll_mean_7","rolling","Rolling mean of predictor (window=7 days)"
"escltnbo_roll_sd_7","rolling","Rolling SD of predictor (window=7 days)"
"escltnbo_roll_max_7","rolling","Rolling max of predictor (window=7 days)"
"escltnbo_change_7","rolling","Change over 7 days"
"escltnbo_roll_mean_14","rolling","Rolling mean of predictor (window=14 days)"
"escltnbo_roll_sd_14","rolling","Rolling SD of predictor (window=14 days)"
"escltnbo_roll_max_14","rolling","Rolling max of predictor (window=14 days)"
"escltnbo_change_14","rolling","Change over 14 days"
"escltnbo_roll_mean_30","rolling","Rolling mean of predictor (window=30 days)"
"escltnbo_roll_sd_30","rolling","Rolling SD of predictor (window=30 days)"
"escltnbo_roll_max_30","rolling","Rolling max of predictor (window=30 days)"
"escltnbo_change_30","rolling","Change over 30 days"
"gabdocc_roll_mean_3","rolling","Rolling mean of predictor (window=3 days)"
"gabdocc_roll_sd_3","rolling","Rolling SD of predictor (window=3 days)"
"gabdocc_roll_max_3","rolling","Rolling max of predictor (window=3 days)"
"gabdocc_change_3","rolling","Change over 3 days"
"gabdocc_roll_mean_7","rolling","Rolling mean of predictor (window=7 days)"
"gabdocc_roll_sd_7","rolling","Rolling SD of predictor (window=7 days)"
"gabdocc_roll_max_7","rolling","Rolling max of predictor (window=7 days)"
"gabdocc_change_7","rolling","Change over 7 days"
"gabdocc_roll_mean_14","rolling","Rolling mean of predictor (window=14 days)"
"gabdocc_roll_sd_14","rolling","Rolling SD of predictor (window=14 days)"
"gabdocc_roll_max_14","rolling","Rolling max of predictor (window=14 days)"
"gabdocc_change_14","rolling","Change over 14 days"
"gabdocc_roll_mean_30","rolling","Rolling mean of predictor (window=30 days)"
"gabdocc_roll_sd_30","rolling","Rolling SD of predictor (window=30 days)"
"gabdocc_roll_max_30","rolling","Rolling max of predictor (window=30 days)"
"gabdocc_change_30","rolling","Change over 30 days"
"gabcso_roll_mean_3","rolling","Rolling mean of predictor (window=3 days)"
"gabcso_roll_sd_3","rolling","Rolling SD of predictor (window=3 days)"
"gabcso_roll_max_3","rolling","Rolling max of predictor (window=3 days)"
"gabcso_change_3","rolling","Change over 3 days"
"gabcso_roll_mean_7","rolling","Rolling mean of predictor (window=7 days)"
"gabcso_roll_sd_7","rolling","Rolling SD of predictor (window=7 days)"
"gabcso_roll_max_7","rolling","Rolling max of predictor (window=7 days)"
"gabcso_change_7","rolling","Change over 7 days"
"gabcso_roll_mean_14","rolling","Rolling mean of predictor (window=14 days)"
"gabcso_roll_sd_14","rolling","Rolling SD of predictor (window=14 days)"
"gabcso_roll_max_14","rolling","Rolling max of predictor (window=14 days)"
"gabcso_change_14","rolling","Change over 14 days"
"gabcso_roll_mean_30","rolling","Rolling mean of predictor (window=30 days)"
"gabcso_roll_sd_30","rolling","Rolling SD of predictor (window=30 days)"
"gabcso_roll_max_30","rolling","Rolling max of predictor (window=30 days)"
"gabcso_change_30","rolling","Change over 30 days"
"norrfdap_roll_mean_3","rolling","Rolling mean of predictor (window=3 days)"
"norrfdap_roll_sd_3","rolling","Rolling SD of predictor (window=3 days)"
"norrfdap_roll_max_3","rolling","Rolling max of predictor (window=3 days)"
"norrfdap_change_3","rolling","Change over 3 days"
"norrfdap_roll_mean_7","rolling","Rolling mean of predictor (window=7 days)"
"norrfdap_roll_sd_7","rolling","Rolling SD of predictor (window=7 days)"
"norrfdap_roll_max_7","rolling","Rolling max of predictor (window=7 days)"
"norrfdap_change_7","rolling","Change over 7 days"
"norrfdap_roll_mean_14","rolling","Rolling mean of predictor (window=14 days)"
"norrfdap_roll_sd_14","rolling","Rolling SD of predictor (window=14 days)"
"norrfdap_roll_max_14","rolling","Rolling max of predictor (window=14 days)"
"norrfdap_change_14","rolling","Change over 14 days"
"norrfdap_roll_mean_30","rolling","Rolling mean of predictor (window=30 days)"
"norrfdap_roll_sd_30","rolling","Rolling SD of predictor (window=30 days)"
"norrfdap_roll_max_30","rolling","Rolling max of predictor (window=30 days)"
"norrfdap_change_30","rolling","Change over 30 days"
"nmbrofad_roll_mean_3","rolling","Rolling mean of predictor (window=3 days)"
"nmbrofad_roll_sd_3","rolling","Rolling SD of predictor (window=3 days)"
"nmbrofad_roll_max_3","rolling","Rolling max of predictor (window=3 days)"
"nmbrofad_change_3","rolling","Change over 3 days"
"nmbrofad_roll_mean_7","rolling","Rolling mean of predictor (window=7 days)"
"nmbrofad_roll_sd_7","rolling","Rolling SD of predictor (window=7 days)"
"nmbrofad_roll_max_7","rolling","Rolling max of predictor (window=7 days)"
"nmbrofad_change_7","rolling","Change over 7 days"
"nmbrofad_roll_mean_14","rolling","Rolling mean of predictor (window=14 days)"
"nmbrofad_roll_sd_14","rolling","Rolling SD of predictor (window=14 days)"
"nmbrofad_roll_max_14","rolling","Rolling max of predictor (window=14 days)"
"nmbrofad_change_14","rolling","Change over 14 days"
"nmbrofad_roll_mean_30","rolling","Rolling mean of predictor (window=30 days)"
"nmbrofad_roll_sd_30","rolling","Rolling SD of predictor (window=30 days)"
"nmbrofad_roll_max_30","rolling","Rolling max of predictor (window=30 days)"
"nmbrofad_change_30","rolling","Change over 30 days"
"nmbrofco_roll_mean_3","rolling","Rolling mean of predictor (window=3 days)"
"nmbrofco_roll_sd_3","rolling","Rolling SD of predictor (window=3 days)"
"nmbrofco_roll_max_3","rolling","Rolling max of predictor (window=3 days)"
"nmbrofco_change_3","rolling","Change over 3 days"
"nmbrofco_roll_mean_7","rolling","Rolling mean of predictor (window=7 days)"
"nmbrofco_roll_sd_7","rolling","Rolling SD of predictor (window=7 days)"
"nmbrofco_roll_max_7","rolling","Rolling max of predictor (window=7 days)"
"nmbrofco_change_7","rolling","Change over 7 days"
"nmbrofco_roll_mean_14","rolling","Rolling mean of predictor (window=14 days)"
"nmbrofco_roll_sd_14","rolling","Rolling SD of predictor (window=14 days)"
"nmbrofco_roll_max_14","rolling","Rolling max of predictor (window=14 days)"
"nmbrofco_change_14","rolling","Change over 14 days"
"nmbrofco_roll_mean_30","rolling","Rolling mean of predictor (window=30 days)"
"nmbrofco_roll_sd_30","rolling","Rolling SD of predictor (window=30 days)"
"nmbrofco_roll_max_30","rolling","Rolling max of predictor (window=30 days)"
"nmbrofco_change_30","rolling","Change over 30 days"
"nmbrofds_roll_mean_3","rolling","Rolling mean of predictor (window=3 days)"
"nmbrofds_roll_sd_3","rolling","Rolling SD of predictor (window=3 days)"
"nmbrofds_roll_max_3","rolling","Rolling max of predictor (window=3 days)"
"nmbrofds_change_3","rolling","Change over 3 days"
"nmbrofds_roll_mean_7","rolling","Rolling mean of predictor (window=7 days)"
"nmbrofds_roll_sd_7","rolling","Rolling SD of predictor (window=7 days)"
"nmbrofds_roll_max_7","rolling","Rolling max of predictor (window=7 days)"
"nmbrofds_change_7","rolling","Change over 7 days"
"nmbrofds_roll_mean_14","rolling","Rolling mean of predictor (window=14 days)"
"nmbrofds_roll_sd_14","rolling","Rolling SD of predictor (window=14 days)"
"nmbrofds_roll_max_14","rolling","Rolling max of predictor (window=14 days)"
"nmbrofds_change_14","rolling","Change over 14 days"
"nmbrofds_roll_mean_30","rolling","Rolling mean of predictor (window=30 days)"
"nmbrofds_roll_sd_30","rolling","Rolling SD of predictor (window=30 days)"
"nmbrofds_roll_max_30","rolling","Rolling max of predictor (window=30 days)"
"nmbrofds_change_30","rolling","Change over 30 days"
"nogpedte_roll_mean_3","rolling","Rolling mean of predictor (window=3 days)"
"nogpedte_roll_sd_3","rolling","Rolling SD of predictor (window=3 days)"
"nogpedte_roll_max_3","rolling","Rolling max of predictor (window=3 days)"
"nogpedte_change_3","rolling","Change over 3 days"
"nogpedte_roll_mean_7","rolling","Rolling mean of predictor (window=7 days)"
"nogpedte_roll_sd_7","rolling","Rolling SD of predictor (window=7 days)"
"nogpedte_roll_max_7","rolling","Rolling max of predictor (window=7 days)"
"nogpedte_change_7","rolling","Change over 7 days"
"nogpedte_roll_mean_14","rolling","Rolling mean of predictor (window=14 days)"
"nogpedte_roll_sd_14","rolling","Rolling SD of predictor (window=14 days)"
"nogpedte_roll_max_14","rolling","Rolling max of predictor (window=14 days)"
"nogpedte_change_14","rolling","Change over 14 days"
"nogpedte_roll_mean_30","rolling","Rolling mean of predictor (window=30 days)"
"nogpedte_roll_sd_30","rolling","Rolling SD of predictor (window=30 days)"
"nogpedte_roll_max_30","rolling","Rolling max of predictor (window=30 days)"
"nogpedte_change_30","rolling","Change over 30 days"
"nmbrofmo_roll_mean_3","rolling","Rolling mean of predictor (window=3 days)"
"nmbrofmo_roll_sd_3","rolling","Rolling SD of predictor (window=3 days)"
"nmbrofmo_roll_max_3","rolling","Rolling max of predictor (window=3 days)"
"nmbrofmo_change_3","rolling","Change over 3 days"
"nmbrofmo_roll_mean_7","rolling","Rolling mean of predictor (window=7 days)"
"nmbrofmo_roll_sd_7","rolling","Rolling SD of predictor (window=7 days)"
"nmbrofmo_roll_max_7","rolling","Rolling max of predictor (window=7 days)"
"nmbrofmo_change_7","rolling","Change over 7 days"
"nmbrofmo_roll_mean_14","rolling","Rolling mean of predictor (window=14 days)"
"nmbrofmo_roll_sd_14","rolling","Rolling SD of predictor (window=14 days)"
"nmbrofmo_roll_max_14","rolling","Rolling max of predictor (window=14 days)"
"nmbrofmo_change_14","rolling","Change over 14 days"
"nmbrofmo_roll_mean_30","rolling","Rolling mean of predictor (window=30 days)"
"nmbrofmo_roll_sd_30","rolling","Rolling SD of predictor (window=30 days)"
"nmbrofmo_roll_max_30","rolling","Rolling max of predictor (window=30 days)"
"nmbrofmo_change_30","rolling","Change over 30 days"
"noopa_roll_mean_3","rolling","Rolling mean of predictor (window=3 days)"
"noopa_roll_sd_3","rolling","Rolling SD of predictor (window=3 days)"
"noopa_roll_max_3","rolling","Rolling max of predictor (window=3 days)"
"noopa_change_3","rolling","Change over 3 days"
"noopa_roll_mean_7","rolling","Rolling mean of predictor (window=7 days)"
"noopa_roll_sd_7","rolling","Rolling SD of predictor (window=7 days)"
"noopa_roll_max_7","rolling","Rolling max of predictor (window=7 days)"
"noopa_change_7","rolling","Change over 7 days"
"noopa_roll_mean_14","rolling","Rolling mean of predictor (window=14 days)"
"noopa_roll_sd_14","rolling","Rolling SD of predictor (window=14 days)"
"noopa_roll_max_14","rolling","Rolling max of predictor (window=14 days)"
"noopa_change_14","rolling","Change over 14 days"
"noopa_roll_mean_30","rolling","Rolling mean of predictor (window=30 days)"
"noopa_roll_sd_30","rolling","Rolling SD of predictor (window=30 days)"
"noopa_roll_max_30","rolling","Rolling max of predictor (window=30 days)"
"noopa_change_30","rolling","Change over 30 days"
"nmbrofso_roll_mean_3","rolling","Rolling mean of predictor (window=3 days)"
"nmbrofso_roll_sd_3","rolling","Rolling SD of predictor (window=3 days)"
"nmbrofso_roll_max_3","rolling","Rolling max of predictor (window=3 days)"
"nmbrofso_change_3","rolling","Change over 3 days"
"nmbrofso_roll_mean_7","rolling","Rolling mean of predictor (window=7 days)"
"nmbrofso_roll_sd_7","rolling","Rolling SD of predictor (window=7 days)"
"nmbrofso_roll_max_7","rolling","Rolling max of predictor (window=7 days)"
"nmbrofso_change_7","rolling","Change over 7 days"
"nmbrofso_roll_mean_14","rolling","Rolling mean of predictor (window=14 days)"
"nmbrofso_roll_sd_14","rolling","Rolling SD of predictor (window=14 days)"
"nmbrofso_roll_max_14","rolling","Rolling max of predictor (window=14 days)"
"nmbrofso_change_14","rolling","Change over 14 days"
"nmbrofso_roll_mean_30","rolling","Rolling mean of predictor (window=30 days)"
"nmbrofso_roll_sd_30","rolling","Rolling SD of predictor (window=30 days)"
"nmbrofso_roll_max_30","rolling","Rolling max of predictor (window=30 days)"
"nmbrofso_change_30","rolling","Change over 30 days"
"noccbaa_roll_mean_3","rolling","Rolling mean of predictor (window=3 days)"
"noccbaa_roll_sd_3","rolling","Rolling SD of predictor (window=3 days)"
"noccbaa_roll_max_3","rolling","Rolling max of predictor (window=3 days)"
"noccbaa_change_3","rolling","Change over 3 days"
"noccbaa_roll_mean_7","rolling","Rolling mean of predictor (window=7 days)"
"noccbaa_roll_sd_7","rolling","Rolling SD of predictor (window=7 days)"
"noccbaa_roll_max_7","rolling","Rolling max of predictor (window=7 days)"
"noccbaa_change_7","rolling","Change over 7 days"
"noccbaa_roll_mean_14","rolling","Rolling mean of predictor (window=14 days)"
"noccbaa_roll_sd_14","rolling","Rolling SD of predictor (window=14 days)"
"noccbaa_roll_max_14","rolling","Rolling max of predictor (window=14 days)"
"noccbaa_change_14","rolling","Change over 14 days"
"noccbaa_roll_mean_30","rolling","Rolling mean of predictor (window=30 days)"
"noccbaa_roll_sd_30","rolling","Rolling SD of predictor (window=30 days)"
"noccbaa_roll_max_30","rolling","Rolling max of predictor (window=30 days)"
"noccbaa_change_30","rolling","Change over 30 days"
"noeboau_roll_mean_3","rolling","Rolling mean of predictor (window=3 days)"
"noeboau_roll_sd_3","rolling","Rolling SD of predictor (window=3 days)"
"noeboau_roll_max_3","rolling","Rolling max of predictor (window=3 days)"
"noeboau_change_3","rolling","Change over 3 days"
"noeboau_roll_mean_7","rolling","Rolling mean of predictor (window=7 days)"
"noeboau_roll_sd_7","rolling","Rolling SD of predictor (window=7 days)"
"noeboau_roll_max_7","rolling","Rolling max of predictor (window=7 days)"
"noeboau_change_7","rolling","Change over 7 days"
"noeboau_roll_mean_14","rolling","Rolling mean of predictor (window=14 days)"
"noeboau_roll_sd_14","rolling","Rolling SD of predictor (window=14 days)"
"noeboau_roll_max_14","rolling","Rolling max of predictor (window=14 days)"
"noeboau_change_14","rolling","Change over 14 days"
"noeboau_roll_mean_30","rolling","Rolling mean of predictor (window=30 days)"
"noeboau_roll_sd_30","rolling","Rolling SD of predictor (window=30 days)"
"noeboau_roll_max_30","rolling","Rolling max of predictor (window=30 days)"
"noeboau_change_30","rolling","Change over 30 days"
"noeboaum_roll_mean_3","rolling","Rolling mean of predictor (window=3 days)"
"noeboaum_roll_sd_3","rolling","Rolling SD of predictor (window=3 days)"
"noeboaum_roll_max_3","rolling","Rolling max of predictor (window=3 days)"
"noeboaum_change_3","rolling","Change over 3 days"
"noeboaum_roll_mean_7","rolling","Rolling mean of predictor (window=7 days)"
"noeboaum_roll_sd_7","rolling","Rolling SD of predictor (window=7 days)"
"noeboaum_roll_max_7","rolling","Rolling max of predictor (window=7 days)"
"noeboaum_change_7","rolling","Change over 7 days"
"noeboaum_roll_mean_14","rolling","Rolling mean of predictor (window=14 days)"
"noeboaum_roll_sd_14","rolling","Rolling SD of predictor (window=14 days)"
"noeboaum_roll_max_14","rolling","Rolling max of predictor (window=14 days)"
"noeboaum_change_14","rolling","Change over 14 days"
"noeboaum_roll_mean_30","rolling","Rolling mean of predictor (window=30 days)"
"noeboaum_roll_sd_30","rolling","Rolling SD of predictor (window=30 days)"
"noeboaum_roll_max_30","rolling","Rolling max of predictor (window=30 days)"
"noeboaum_change_30","rolling","Change over 30 days"
"noeboaus_roll_mean_3","rolling","Rolling mean of predictor (window=3 days)"
"noeboaus_roll_sd_3","rolling","Rolling SD of predictor (window=3 days)"
"noeboaus_roll_max_3","rolling","Rolling max of predictor (window=3 days)"
"noeboaus_change_3","rolling","Change over 3 days"
"noeboaus_roll_mean_7","rolling","Rolling mean of predictor (window=7 days)"
"noeboaus_roll_sd_7","rolling","Rolling SD of predictor (window=7 days)"
"noeboaus_roll_max_7","rolling","Rolling max of predictor (window=7 days)"
"noeboaus_change_7","rolling","Change over 7 days"
"noeboaus_roll_mean_14","rolling","Rolling mean of predictor (window=14 days)"
"noeboaus_roll_sd_14","rolling","Rolling SD of predictor (window=14 days)"
"noeboaus_roll_max_14","rolling","Rolling max of predictor (window=14 days)"
"noeboaus_change_14","rolling","Change over 14 days"
"noeboaus_roll_mean_30","rolling","Rolling mean of predictor (window=30 days)"
"noeboaus_roll_sd_30","rolling","Rolling SD of predictor (window=30 days)"
"noeboaus_roll_max_30","rolling","Rolling max of predictor (window=30 days)"
"noeboaus_change_30","rolling","Change over 30 days"
"onccbohmal_roll_mean_3","rolling","Rolling mean of predictor (window=3 days)"
"onccbohmal_roll_sd_3","rolling","Rolling SD of predictor (window=3 days)"
"onccbohmal_roll_max_3","rolling","Rolling max of predictor (window=3 days)"
"onccbohmal_change_3","rolling","Change over 3 days"
"onccbohmal_roll_mean_7","rolling","Rolling mean of predictor (window=7 days)"
"onccbohmal_roll_sd_7","rolling","Rolling SD of predictor (window=7 days)"
"onccbohmal_roll_max_7","rolling","Rolling max of predictor (window=7 days)"
"onccbohmal_change_7","rolling","Change over 7 days"
"onccbohmal_roll_mean_14","rolling","Rolling mean of predictor (window=14 days)"
"onccbohmal_roll_sd_14","rolling","Rolling SD of predictor (window=14 days)"
"onccbohmal_roll_max_14","rolling","Rolling max of predictor (window=14 days)"
"onccbohmal_change_14","rolling","Change over 14 days"
"onccbohmal_roll_mean_30","rolling","Rolling mean of predictor (window=30 days)"
"onccbohmal_roll_sd_30","rolling","Rolling SD of predictor (window=30 days)"
"onccbohmal_roll_max_30","rolling","Rolling max of predictor (window=30 days)"
"onccbohmal_change_30","rolling","Change over 30 days"
"patdapyd_roll_mean_3","rolling","Rolling mean of predictor (window=3 days)"
"patdapyd_roll_sd_3","rolling","Rolling SD of predictor (window=3 days)"
"patdapyd_roll_max_3","rolling","Rolling max of predictor (window=3 days)"
"patdapyd_change_3","rolling","Change over 3 days"
"patdapyd_roll_mean_7","rolling","Rolling mean of predictor (window=7 days)"
"patdapyd_roll_sd_7","rolling","Rolling SD of predictor (window=7 days)"
"patdapyd_roll_max_7","rolling","Rolling max of predictor (window=7 days)"
"patdapyd_change_7","rolling","Change over 7 days"
"patdapyd_roll_mean_14","rolling","Rolling mean of predictor (window=14 days)"
"patdapyd_roll_sd_14","rolling","Rolling SD of predictor (window=14 days)"
"patdapyd_roll_max_14","rolling","Rolling max of predictor (window=14 days)"
"patdapyd_change_14","rolling","Change over 14 days"
"patdapyd_roll_mean_30","rolling","Rolling mean of predictor (window=30 days)"
"patdapyd_roll_sd_30","rolling","Rolling SD of predictor (window=30 days)"
"patdapyd_roll_max_30","rolling","Rolling max of predictor (window=30 days)"
"patdapyd_change_30","rolling","Change over 30 days"
"patdapyd.1_roll_mean_3","rolling","Rolling mean of predictor (window=3 days)"
"patdapyd.1_roll_sd_3","rolling","Rolling SD of predictor (window=3 days)"
"patdapyd.1_roll_max_3","rolling","Rolling max of predictor (window=3 days)"
"patdapyd.1_change_3","rolling","Change over 3 days"
"patdapyd.1_roll_mean_7","rolling","Rolling mean of predictor (window=7 days)"
"patdapyd.1_roll_sd_7","rolling","Rolling SD of predictor (window=7 days)"
"patdapyd.1_roll_max_7","rolling","Rolling max of predictor (window=7 days)"
"patdapyd.1_change_7","rolling","Change over 7 days"
"patdapyd.1_roll_mean_14","rolling","Rolling mean of predictor (window=14 days)"
"patdapyd.1_roll_sd_14","rolling","Rolling SD of predictor (window=14 days)"
"patdapyd.1_roll_max_14","rolling","Rolling max of predictor (window=14 days)"
"patdapyd.1_change_14","rolling","Change over 14 days"
"patdapyd.1_roll_mean_30","rolling","Rolling mean of predictor (window=30 days)"
"patdapyd.1_roll_sd_30","rolling","Rolling SD of predictor (window=30 days)"
"patdapyd.1_roll_max_30","rolling","Rolling max of predictor (window=30 days)"
"patdapyd.1_change_30","rolling","Change over 30 days"
"rsca_roll_mean_3","rolling","Rolling mean of predictor (window=3 days)"
"rsca_roll_sd_3","rolling","Rolling SD of predictor (window=3 days)"
"rsca_roll_max_3","rolling","Rolling max of predictor (window=3 days)"
"rsca_change_3","rolling","Change over 3 days"
"rsca_roll_mean_7","rolling","Rolling mean of predictor (window=7 days)"
"rsca_roll_sd_7","rolling","Rolling SD of predictor (window=7 days)"
"rsca_roll_max_7","rolling","Rolling max of predictor (window=7 days)"
"rsca_change_7","rolling","Change over 7 days"
"rsca_roll_mean_14","rolling","Rolling mean of predictor (window=14 days)"
"rsca_roll_sd_14","rolling","Rolling SD of predictor (window=14 days)"
"rsca_roll_max_14","rolling","Rolling max of predictor (window=14 days)"
"rsca_change_14","rolling","Change over 14 days"
"rsca_roll_mean_30","rolling","Rolling mean of predictor (window=30 days)"
"rsca_roll_sd_30","rolling","Rolling SD of predictor (window=30 days)"
"rsca_roll_max_30","rolling","Rolling max of predictor (window=30 days)"
"rsca_change_30","rolling","Change over 30 days"
"sbnsssr_roll_mean_3","rolling","Rolling mean of predictor (window=3 days)"
"sbnsssr_roll_sd_3","rolling","Rolling SD of predictor (window=3 days)"
"sbnsssr_roll_max_3","rolling","Rolling max of predictor (window=3 days)"
"sbnsssr_change_3","rolling","Change over 3 days"
"sbnsssr_roll_mean_7","rolling","Rolling mean of predictor (window=7 days)"
"sbnsssr_roll_sd_7","rolling","Rolling SD of predictor (window=7 days)"
"sbnsssr_roll_max_7","rolling","Rolling max of predictor (window=7 days)"
"sbnsssr_change_7","rolling","Change over 7 days"
"sbnsssr_roll_mean_14","rolling","Rolling mean of predictor (window=14 days)"
"sbnsssr_roll_sd_14","rolling","Rolling SD of predictor (window=14 days)"
"sbnsssr_roll_max_14","rolling","Rolling max of predictor (window=14 days)"
"sbnsssr_change_14","rolling","Change over 14 days"
"sbnsssr_roll_mean_30","rolling","Rolling mean of predictor (window=30 days)"
"sbnsssr_roll_sd_30","rolling","Rolling SD of predictor (window=30 days)"
"sbnsssr_roll_max_30","rolling","Rolling max of predictor (window=30 days)"
"sbnsssr_change_30","rolling","Change over 30 days"
"sicblsr_roll_mean_3","rolling","Rolling mean of predictor (window=3 days)"
"sicblsr_roll_sd_3","rolling","Rolling SD of predictor (window=3 days)"
"sicblsr_roll_max_3","rolling","Rolling max of predictor (window=3 days)"
"sicblsr_change_3","rolling","Change over 3 days"
"sicblsr_roll_mean_7","rolling","Rolling mean of predictor (window=7 days)"
"sicblsr_roll_sd_7","rolling","Rolling SD of predictor (window=7 days)"
"sicblsr_roll_max_7","rolling","Rolling max of predictor (window=7 days)"
"sicblsr_change_7","rolling","Change over 7 days"
"sicblsr_roll_mean_14","rolling","Rolling mean of predictor (window=14 days)"
"sicblsr_roll_sd_14","rolling","Rolling SD of predictor (window=14 days)"
"sicblsr_roll_max_14","rolling","Rolling max of predictor (window=14 days)"
"sicblsr_change_14","rolling","Change over 14 days"
"sicblsr_roll_mean_30","rolling","Rolling mean of predictor (window=30 days)"
"sicblsr_roll_sd_30","rolling","Rolling SD of predictor (window=30 days)"
"sicblsr_roll_max_30","rolling","Rolling max of predictor (window=30 days)"
"sicblsr_change_30","rolling","Change over 30 days"
"snblsr_roll_mean_3","rolling","Rolling mean of predictor (window=3 days)"
"snblsr_roll_sd_3","rolling","Rolling SD of predictor (window=3 days)"
"snblsr_roll_max_3","rolling","Rolling max of predictor (window=3 days)"
"snblsr_change_3","rolling","Change over 3 days"
"snblsr_roll_mean_7","rolling","Rolling mean of predictor (window=7 days)"
"snblsr_roll_sd_7","rolling","Rolling SD of predictor (window=7 days)"
"snblsr_roll_max_7","rolling","Rolling max of predictor (window=7 days)"
"snblsr_change_7","rolling","Change over 7 days"
"snblsr_roll_mean_14","rolling","Rolling mean of predictor (window=14 days)"
"snblsr_roll_sd_14","rolling","Rolling SD of predictor (window=14 days)"
"snblsr_roll_max_14","rolling","Rolling max of predictor (window=14 days)"
"snblsr_change_14","rolling","Change over 14 days"
"snblsr_roll_mean_30","rolling","Rolling mean of predictor (window=30 days)"
"snblsr_roll_sd_30","rolling","Rolling SD of predictor (window=30 days)"
"snblsr_roll_max_30","rolling","Rolling max of predictor (window=30 days)"
"snblsr_change_30","rolling","Change over 30 days"
"ssasssr_roll_mean_3","rolling","Rolling mean of predictor (window=3 days)"
"ssasssr_roll_sd_3","rolling","Rolling SD of predictor (window=3 days)"
"ssasssr_roll_max_3","rolling","Rolling max of predictor (window=3 days)"
"ssasssr_change_3","rolling","Change over 3 days"
"ssasssr_roll_mean_7","rolling","Rolling mean of predictor (window=7 days)"
"ssasssr_roll_sd_7","rolling","Rolling SD of predictor (window=7 days)"
"ssasssr_roll_max_7","rolling","Rolling max of predictor (window=7 days)"
"ssasssr_change_7","rolling","Change over 7 days"
"ssasssr_roll_mean_14","rolling","Rolling mean of predictor (window=14 days)"
"ssasssr_roll_sd_14","rolling","Rolling SD of predictor (window=14 days)"
"ssasssr_roll_max_14","rolling","Rolling max of predictor (window=14 days)"
"ssasssr_change_14","rolling","Change over 14 days"
"ssasssr_roll_mean_30","rolling","Rolling mean of predictor (window=30 days)"
"ssasssr_roll_sd_30","rolling","Rolling SD of predictor (window=30 days)"
"ssasssr_roll_max_30","rolling","Rolling max of predictor (window=30 days)"
"ssasssr_change_30","rolling","Change over 30 days"
"srsblsr_roll_mean_3","rolling","Rolling mean of predictor (window=3 days)"
"srsblsr_roll_sd_3","rolling","Rolling SD of predictor (window=3 days)"
"srsblsr_roll_max_3","rolling","Rolling max of predictor (window=3 days)"
"srsblsr_change_3","rolling","Change over 3 days"
"srsblsr_roll_mean_7","rolling","Rolling mean of predictor (window=7 days)"
"srsblsr_roll_sd_7","rolling","Rolling SD of predictor (window=7 days)"
"srsblsr_roll_max_7","rolling","Rolling max of predictor (window=7 days)"
"srsblsr_change_7","rolling","Change over 7 days"
"srsblsr_roll_mean_14","rolling","Rolling mean of predictor (window=14 days)"
"srsblsr_roll_sd_14","rolling","Rolling SD of predictor (window=14 days)"
"srsblsr_roll_max_14","rolling","Rolling max of predictor (window=14 days)"
"srsblsr_change_14","rolling","Change over 14 days"
"srsblsr_roll_mean_30","rolling","Rolling mean of predictor (window=30 days)"
"srsblsr_roll_sd_30","rolling","Rolling SD of predictor (window=30 days)"
"srsblsr_roll_max_30","rolling","Rolling max of predictor (window=30 days)"
"srsblsr_change_30","rolling","Change over 30 days"
"srsglsr_roll_mean_3","rolling","Rolling mean of predictor (window=3 days)"
"srsglsr_roll_sd_3","rolling","Rolling SD of predictor (window=3 days)"
"srsglsr_roll_max_3","rolling","Rolling max of predictor (window=3 days)"
"srsglsr_change_3","rolling","Change over 3 days"
"srsglsr_roll_mean_7","rolling","Rolling mean of predictor (window=7 days)"
"srsglsr_roll_sd_7","rolling","Rolling SD of predictor (window=7 days)"
"srsglsr_roll_max_7","rolling","Rolling max of predictor (window=7 days)"
"srsglsr_change_7","rolling","Change over 7 days"
"srsglsr_roll_mean_14","rolling","Rolling mean of predictor (window=14 days)"
"srsglsr_roll_sd_14","rolling","Rolling SD of predictor (window=14 days)"
"srsglsr_roll_max_14","rolling","Rolling max of predictor (window=14 days)"
"srsglsr_change_14","rolling","Change over 14 days"
"srsglsr_roll_mean_30","rolling","Rolling mean of predictor (window=30 days)"
"srsglsr_roll_sd_30","rolling","Rolling SD of predictor (window=30 days)"
"srsglsr_roll_max_30","rolling","Rolling max of predictor (window=30 days)"
"srsglsr_change_30","rolling","Change over 30 days"
"swwlsr_roll_mean_3","rolling","Rolling mean of predictor (window=3 days)"
"swwlsr_roll_sd_3","rolling","Rolling SD of predictor (window=3 days)"
"swwlsr_roll_max_3","rolling","Rolling max of predictor (window=3 days)"
"swwlsr_change_3","rolling","Change over 3 days"
"swwlsr_roll_mean_7","rolling","Rolling mean of predictor (window=7 days)"
"swwlsr_roll_sd_7","rolling","Rolling SD of predictor (window=7 days)"
"swwlsr_roll_max_7","rolling","Rolling max of predictor (window=7 days)"
"swwlsr_change_7","rolling","Change over 7 days"
"swwlsr_roll_mean_14","rolling","Rolling mean of predictor (window=14 days)"
"swwlsr_roll_sd_14","rolling","Rolling SD of predictor (window=14 days)"
"swwlsr_roll_max_14","rolling","Rolling max of predictor (window=14 days)"
"swwlsr_change_14","rolling","Change over 14 days"
"swwlsr_roll_mean_30","rolling","Rolling mean of predictor (window=30 days)"
"swwlsr_roll_sd_30","rolling","Rolling SD of predictor (window=30 days)"
"swwlsr_roll_max_30","rolling","Rolling max of predictor (window=30 days)"
"swwlsr_change_30","rolling","Change over 30 days"
"srnwlsr_roll_mean_3","rolling","Rolling mean of predictor (window=3 days)"
"srnwlsr_roll_sd_3","rolling","Rolling SD of predictor (window=3 days)"
"srnwlsr_roll_max_3","rolling","Rolling max of predictor (window=3 days)"
"srnwlsr_change_3","rolling","Change over 3 days"
"srnwlsr_roll_mean_7","rolling","Rolling mean of predictor (window=7 days)"
"srnwlsr_roll_sd_7","rolling","Rolling SD of predictor (window=7 days)"
"srnwlsr_roll_max_7","rolling","Rolling max of predictor (window=7 days)"
"srnwlsr_change_7","rolling","Change over 7 days"
"srnwlsr_roll_mean_14","rolling","Rolling mean of predictor (window=14 days)"
"srnwlsr_roll_sd_14","rolling","Rolling SD of predictor (window=14 days)"
"srnwlsr_roll_max_14","rolling","Rolling max of predictor (window=14 days)"
"srnwlsr_change_14","rolling","Change over 14 days"
"srnwlsr_roll_mean_30","rolling","Rolling mean of predictor (window=30 days)"
"srnwlsr_roll_sd_30","rolling","Rolling SD of predictor (window=30 days)"
"srnwlsr_roll_max_30","rolling","Rolling max of predictor (window=30 days)"
"srnwlsr_change_30","rolling","Change over 30 days"
"xhrbrchp_roll_mean_3","rolling","Rolling mean of predictor (window=3 days)"
"xhrbrchp_roll_sd_3","rolling","Rolling SD of predictor (window=3 days)"
"xhrbrchp_roll_max_3","rolling","Rolling max of predictor (window=3 days)"
"xhrbrchp_change_3","rolling","Change over 3 days"
"xhrbrchp_roll_mean_7","rolling","Rolling mean of predictor (window=7 days)"
"xhrbrchp_roll_sd_7","rolling","Rolling SD of predictor (window=7 days)"
"xhrbrchp_roll_max_7","rolling","Rolling max of predictor (window=7 days)"
"xhrbrchp_change_7","rolling","Change over 7 days"
"xhrbrchp_roll_mean_14","rolling","Rolling mean of predictor (window=14 days)"
"xhrbrchp_roll_sd_14","rolling","Rolling SD of predictor (window=14 days)"
"xhrbrchp_roll_max_14","rolling","Rolling max of predictor (window=14 days)"
"xhrbrchp_change_14","rolling","Change over 14 days"
"xhrbrchp_roll_mean_30","rolling","Rolling mean of predictor (window=30 days)"
"xhrbrchp_roll_sd_30","rolling","Rolling SD of predictor (window=30 days)"
"xhrbrchp_roll_max_30","rolling","Rolling max of predictor (window=30 days)"
"xhrbrchp_change_30","rolling","Change over 30 days"
"aedsilh_roll_mean_3","rolling","Rolling mean of predictor (window=3 days)"
"aedsilh_roll_sd_3","rolling","Rolling SD of predictor (window=3 days)"
"aedsilh_roll_max_3","rolling","Rolling max of predictor (window=3 days)"
"aedsilh_change_3","rolling","Change over 3 days"
"aedsilh_roll_mean_7","rolling","Rolling mean of predictor (window=7 days)"
"aedsilh_roll_sd_7","rolling","Rolling SD of predictor (window=7 days)"
"aedsilh_roll_max_7","rolling","Rolling max of predictor (window=7 days)"
"aedsilh_change_7","rolling","Change over 7 days"
"aedsilh_roll_mean_14","rolling","Rolling mean of predictor (window=14 days)"
"aedsilh_roll_sd_14","rolling","Rolling SD of predictor (window=14 days)"
"aedsilh_roll_max_14","rolling","Rolling max of predictor (window=14 days)"
"aedsilh_change_14","rolling","Change over 14 days"
"aedsilh_roll_mean_30","rolling","Rolling mean of predictor (window=30 days)"
"aedsilh_roll_sd_30","rolling","Rolling SD of predictor (window=30 days)"
"aedsilh_roll_max_30","rolling","Rolling max of predictor (window=30 days)"
"aedsilh_change_30","rolling","Change over 30 days"
"ambulncq_roll_mean_3","rolling","Rolling mean of predictor (window=3 days)"
"ambulncq_roll_sd_3","rolling","Rolling SD of predictor (window=3 days)"
"ambulncq_roll_max_3","rolling","Rolling max of predictor (window=3 days)"
"ambulncq_change_3","rolling","Change over 3 days"
"ambulncq_roll_mean_7","rolling","Rolling mean of predictor (window=7 days)"
"ambulncq_roll_sd_7","rolling","Rolling SD of predictor (window=7 days)"
"ambulncq_roll_max_7","rolling","Rolling max of predictor (window=7 days)"
"ambulncq_change_7","rolling","Change over 7 days"
"ambulncq_roll_mean_14","rolling","Rolling mean of predictor (window=14 days)"
"ambulncq_roll_sd_14","rolling","Rolling SD of predictor (window=14 days)"
"ambulncq_roll_max_14","rolling","Rolling max of predictor (window=14 days)"
"ambulncq_change_14","rolling","Change over 14 days"
"ambulncq_roll_mean_30","rolling","Rolling mean of predictor (window=30 days)"
"ambulncq_roll_sd_30","rolling","Rolling SD of predictor (window=30 days)"
"ambulncq_roll_max_30","rolling","Rolling max of predictor (window=30 days)"
"ambulncq_change_30","rolling","Change over 30 days"
"avrgtmta_roll_mean_3","rolling","Rolling mean of predictor (window=3 days)"
"avrgtmta_roll_sd_3","rolling","Rolling SD of predictor (window=3 days)"
"avrgtmta_roll_max_3","rolling","Rolling max of predictor (window=3 days)"
"avrgtmta_change_3","rolling","Change over 3 days"
"avrgtmta_roll_mean_7","rolling","Rolling mean of predictor (window=7 days)"
"avrgtmta_roll_sd_7","rolling","Rolling SD of predictor (window=7 days)"
"avrgtmta_roll_max_7","rolling","Rolling max of predictor (window=7 days)"
"avrgtmta_change_7","rolling","Change over 7 days"
"avrgtmta_roll_mean_14","rolling","Rolling mean of predictor (window=14 days)"
"avrgtmta_roll_sd_14","rolling","Rolling SD of predictor (window=14 days)"
"avrgtmta_roll_max_14","rolling","Rolling max of predictor (window=14 days)"
"avrgtmta_change_14","rolling","Change over 14 days"
"avrgtmta_roll_mean_30","rolling","Rolling mean of predictor (window=30 days)"
"avrgtmta_roll_sd_30","rolling","Rolling SD of predictor (window=30 days)"
"avrgtmta_roll_max_30","rolling","Rolling max of predictor (window=30 days)"
"avrgtmta_change_30","rolling","Change over 30 days"
"avrgtmtt_roll_mean_3","rolling","Rolling mean of predictor (window=3 days)"
"avrgtmtt_roll_sd_3","rolling","Rolling SD of predictor (window=3 days)"
"avrgtmtt_roll_max_3","rolling","Rolling max of predictor (window=3 days)"
"avrgtmtt_change_3","rolling","Change over 3 days"
"avrgtmtt_roll_mean_7","rolling","Rolling mean of predictor (window=7 days)"
"avrgtmtt_roll_sd_7","rolling","Rolling SD of predictor (window=7 days)"
"avrgtmtt_roll_max_7","rolling","Rolling max of predictor (window=7 days)"
"avrgtmtt_change_7","rolling","Change over 7 days"
"avrgtmtt_roll_mean_14","rolling","Rolling mean of predictor (window=14 days)"
"avrgtmtt_roll_sd_14","rolling","Rolling SD of predictor (window=14 days)"
"avrgtmtt_roll_max_14","rolling","Rolling max of predictor (window=14 days)"
"avrgtmtt_change_14","rolling","Change over 14 days"
"avrgtmtt_roll_mean_30","rolling","Rolling mean of predictor (window=30 days)"
"avrgtmtt_roll_sd_30","rolling","Rolling SD of predictor (window=30 days)"
"avrgtmtt_roll_max_30","rolling","Rolling max of predictor (window=30 days)"
"avrgtmtt_change_30","rolling","Change over 30 days"
"chrtnrq_roll_mean_3","rolling","Rolling mean of predictor (window=3 days)"
"chrtnrq_roll_sd_3","rolling","Rolling SD of predictor (window=3 days)"
"chrtnrq_roll_max_3","rolling","Rolling max of predictor (window=3 days)"
"chrtnrq_change_3","rolling","Change over 3 days"
"chrtnrq_roll_mean_7","rolling","Rolling mean of predictor (window=7 days)"
"chrtnrq_roll_sd_7","rolling","Rolling SD of predictor (window=7 days)"
"chrtnrq_roll_max_7","rolling","Rolling max of predictor (window=7 days)"
"chrtnrq_change_7","rolling","Change over 7 days"
"chrtnrq_roll_mean_14","rolling","Rolling mean of predictor (window=14 days)"
"chrtnrq_roll_sd_14","rolling","Rolling SD of predictor (window=14 days)"
"chrtnrq_roll_max_14","rolling","Rolling max of predictor (window=14 days)"
"chrtnrq_change_14","rolling","Change over 14 days"
"chrtnrq_roll_mean_30","rolling","Rolling mean of predictor (window=30 days)"
"chrtnrq_roll_sd_30","rolling","Rolling SD of predictor (window=30 days)"
"chrtnrq_roll_max_30","rolling","Rolling max of predictor (window=30 days)"
"chrtnrq_change_30","rolling","Change over 30 days"
"mjrsptnc_roll_mean_3","rolling","Rolling mean of predictor (window=3 days)"
"mjrsptnc_roll_sd_3","rolling","Rolling SD of predictor (window=3 days)"
"mjrsptnc_roll_max_3","rolling","Rolling max of predictor (window=3 days)"
"mjrsptnc_change_3","rolling","Change over 3 days"
"mjrsptnc_roll_mean_7","rolling","Rolling mean of predictor (window=7 days)"
"mjrsptnc_roll_sd_7","rolling","Rolling SD of predictor (window=7 days)"
"mjrsptnc_roll_max_7","rolling","Rolling max of predictor (window=7 days)"
"mjrsptnc_change_7","rolling","Change over 7 days"
"mjrsptnc_roll_mean_14","rolling","Rolling mean of predictor (window=14 days)"
"mjrsptnc_roll_sd_14","rolling","Rolling SD of predictor (window=14 days)"
"mjrsptnc_roll_max_14","rolling","Rolling max of predictor (window=14 days)"
"mjrsptnc_change_14","rolling","Change over 14 days"
"mjrsptnc_roll_mean_30","rolling","Rolling mean of predictor (window=30 days)"
"mjrsptnc_roll_sd_30","rolling","Rolling SD of predictor (window=30 days)"
"mjrsptnc_roll_max_30","rolling","Rolling max of predictor (window=30 days)"
"mjrsptnc_change_30","rolling","Change over 30 days"
"mnrsptnc_roll_mean_3","rolling","Rolling mean of predictor (window=3 days)"
"mnrsptnc_roll_sd_3","rolling","Rolling SD of predictor (window=3 days)"
"mnrsptnc_roll_max_3","rolling","Rolling max of predictor (window=3 days)"
"mnrsptnc_change_3","rolling","Change over 3 days"
"mnrsptnc_roll_mean_7","rolling","Rolling mean of predictor (window=7 days)"
"mnrsptnc_roll_sd_7","rolling","Rolling SD of predictor (window=7 days)"
"mnrsptnc_roll_max_7","rolling","Rolling max of predictor (window=7 days)"
"mnrsptnc_change_7","rolling","Change over 7 days"
"mnrsptnc_roll_mean_14","rolling","Rolling mean of predictor (window=14 days)"
"mnrsptnc_roll_sd_14","rolling","Rolling SD of predictor (window=14 days)"
"mnrsptnc_roll_max_14","rolling","Rolling max of predictor (window=14 days)"
"mnrsptnc_change_14","rolling","Change over 14 days"
"mnrsptnc_roll_mean_30","rolling","Rolling mean of predictor (window=30 days)"
"mnrsptnc_roll_sd_30","rolling","Rolling SD of predictor (window=30 days)"
"mnrsptnc_roll_max_30","rolling","Rolling max of predictor (window=30 days)"
"mnrsptnc_change_30","rolling","Change over 30 days"
"nwarrilh_roll_mean_3","rolling","Rolling mean of predictor (window=3 days)"
"nwarrilh_roll_sd_3","rolling","Rolling SD of predictor (window=3 days)"
"nwarrilh_roll_max_3","rolling","Rolling max of predictor (window=3 days)"
"nwarrilh_change_3","rolling","Change over 3 days"
"nwarrilh_roll_mean_7","rolling","Rolling mean of predictor (window=7 days)"
"nwarrilh_roll_sd_7","rolling","Rolling SD of predictor (window=7 days)"
"nwarrilh_roll_max_7","rolling","Rolling max of predictor (window=7 days)"
"nwarrilh_change_7","rolling","Change over 7 days"
"nwarrilh_roll_mean_14","rolling","Rolling mean of predictor (window=14 days)"
"nwarrilh_roll_sd_14","rolling","Rolling SD of predictor (window=14 days)"
"nwarrilh_roll_max_14","rolling","Rolling max of predictor (window=14 days)"
"nwarrilh_change_14","rolling","Change over 14 days"
"nwarrilh_roll_mean_30","rolling","Rolling mean of predictor (window=30 days)"
"nwarrilh_roll_sd_30","rolling","Rolling SD of predictor (window=30 days)"
"nwarrilh_roll_max_30","rolling","Rolling max of predictor (window=30 days)"
"nwarrilh_change_30","rolling","Change over 30 days"
"nofdtas_roll_mean_3","rolling","Rolling mean of predictor (window=3 days)"
"nofdtas_roll_sd_3","rolling","Rolling SD of predictor (window=3 days)"
"nofdtas_roll_max_3","rolling","Rolling max of predictor (window=3 days)"
"nofdtas_change_3","rolling","Change over 3 days"
"nofdtas_roll_mean_7","rolling","Rolling mean of predictor (window=7 days)"
"nofdtas_roll_sd_7","rolling","Rolling SD of predictor (window=7 days)"
"nofdtas_roll_max_7","rolling","Rolling max of predictor (window=7 days)"
"nofdtas_change_7","rolling","Change over 7 days"
"nofdtas_roll_mean_14","rolling","Rolling mean of predictor (window=14 days)"
"nofdtas_roll_sd_14","rolling","Rolling SD of predictor (window=14 days)"
"nofdtas_roll_max_14","rolling","Rolling max of predictor (window=14 days)"
"nofdtas_change_14","rolling","Change over 14 days"
"nofdtas_roll_mean_30","rolling","Rolling mean of predictor (window=30 days)"
"nofdtas_roll_sd_30","rolling","Rolling SD of predictor (window=30 days)"
"nofdtas_roll_max_30","rolling","Rolling max of predictor (window=30 days)"
"nofdtas_change_30","rolling","Change over 30 days"
"nodta_roll_mean_3","rolling","Rolling mean of predictor (window=3 days)"
"nodta_roll_sd_3","rolling","Rolling SD of predictor (window=3 days)"
"nodta_roll_max_3","rolling","Rolling max of predictor (window=3 days)"
"nodta_change_3","rolling","Change over 3 days"
"nodta_roll_mean_7","rolling","Rolling mean of predictor (window=7 days)"
"nodta_roll_sd_7","rolling","Rolling SD of predictor (window=7 days)"
"nodta_roll_max_7","rolling","Rolling max of predictor (window=7 days)"
"nodta_change_7","rolling","Change over 7 days"
"nodta_roll_mean_14","rolling","Rolling mean of predictor (window=14 days)"
"nodta_roll_sd_14","rolling","Rolling SD of predictor (window=14 days)"
"nodta_roll_max_14","rolling","Rolling max of predictor (window=14 days)"
"nodta_change_14","rolling","Change over 14 days"
"nodta_roll_mean_30","rolling","Rolling mean of predictor (window=30 days)"
"nodta_roll_sd_30","rolling","Rolling SD of predictor (window=30 days)"
"nodta_roll_max_30","rolling","Rolling max of predictor (window=30 days)"
"nodta_change_30","rolling","Change over 30 days"
"ptntiae_roll_mean_3","rolling","Rolling mean of predictor (window=3 days)"
"ptntiae_roll_sd_3","rolling","Rolling SD of predictor (window=3 days)"
"ptntiae_roll_max_3","rolling","Rolling max of predictor (window=3 days)"
"ptntiae_change_3","rolling","Change over 3 days"
"ptntiae_roll_mean_7","rolling","Rolling mean of predictor (window=7 days)"
"ptntiae_roll_sd_7","rolling","Rolling SD of predictor (window=7 days)"
"ptntiae_roll_max_7","rolling","Rolling max of predictor (window=7 days)"
"ptntiae_change_7","rolling","Change over 7 days"
"ptntiae_roll_mean_14","rolling","Rolling mean of predictor (window=14 days)"
"ptntiae_roll_sd_14","rolling","Rolling SD of predictor (window=14 days)"
"ptntiae_roll_max_14","rolling","Rolling max of predictor (window=14 days)"
"ptntiae_change_14","rolling","Change over 14 days"
"ptntiae_roll_mean_30","rolling","Rolling mean of predictor (window=30 days)"
"ptntiae_roll_sd_30","rolling","Rolling SD of predictor (window=30 days)"
"ptntiae_roll_max_30","rolling","Rolling max of predictor (window=30 days)"
"ptntiae_change_30","rolling","Change over 30 days"
"rsscttnc_roll_mean_3","rolling","Rolling mean of predictor (window=3 days)"
"rsscttnc_roll_sd_3","rolling","Rolling SD of predictor (window=3 days)"
"rsscttnc_roll_max_3","rolling","Rolling max of predictor (window=3 days)"
"rsscttnc_change_3","rolling","Change over 3 days"
"rsscttnc_roll_mean_7","rolling","Rolling mean of predictor (window=7 days)"
"rsscttnc_roll_sd_7","rolling","Rolling SD of predictor (window=7 days)"
"rsscttnc_roll_max_7","rolling","Rolling max of predictor (window=7 days)"
"rsscttnc_change_7","rolling","Change over 7 days"
"rsscttnc_roll_mean_14","rolling","Rolling mean of predictor (window=14 days)"
"rsscttnc_roll_sd_14","rolling","Rolling SD of predictor (window=14 days)"
"rsscttnc_roll_max_14","rolling","Rolling max of predictor (window=14 days)"
"rsscttnc_change_14","rolling","Change over 14 days"
"rsscttnc_roll_mean_30","rolling","Rolling mean of predictor (window=30 days)"
"rsscttnc_roll_sd_30","rolling","Rolling SD of predictor (window=30 days)"
"rsscttnc_roll_max_30","rolling","Rolling max of predictor (window=30 days)"
"rsscttnc_change_30","rolling","Change over 30 days"
"ttlbrcsm_roll_mean_3","rolling","Rolling mean of predictor (window=3 days)"
"ttlbrcsm_roll_sd_3","rolling","Rolling SD of predictor (window=3 days)"
"ttlbrcsm_roll_max_3","rolling","Rolling max of predictor (window=3 days)"
"ttlbrcsm_change_3","rolling","Change over 3 days"
"ttlbrcsm_roll_mean_7","rolling","Rolling mean of predictor (window=7 days)"
"ttlbrcsm_roll_sd_7","rolling","Rolling SD of predictor (window=7 days)"
"ttlbrcsm_roll_max_7","rolling","Rolling max of predictor (window=7 days)"
"ttlbrcsm_change_7","rolling","Change over 7 days"
"ttlbrcsm_roll_mean_14","rolling","Rolling mean of predictor (window=14 days)"
"ttlbrcsm_roll_sd_14","rolling","Rolling SD of predictor (window=14 days)"
"ttlbrcsm_roll_max_14","rolling","Rolling max of predictor (window=14 days)"
"ttlbrcsm_change_14","rolling","Change over 14 days"
"ttlbrcsm_roll_mean_30","rolling","Rolling mean of predictor (window=30 days)"
"ttlbrcsm_roll_sd_30","rolling","Rolling SD of predictor (window=30 days)"
"ttlbrcsm_roll_max_30","rolling","Rolling max of predictor (window=30 days)"
"ttlbrcsm_change_30","rolling","Change over 30 days"
"ahlh_roll_mean_3","rolling","Rolling mean of predictor (window=3 days)"
"ahlh_roll_sd_3","rolling","Rolling SD of predictor (window=3 days)"
"ahlh_roll_max_3","rolling","Rolling max of predictor (window=3 days)"
"ahlh_change_3","rolling","Change over 3 days"
"ahlh_roll_mean_7","rolling","Rolling mean of predictor (window=7 days)"
"ahlh_roll_sd_7","rolling","Rolling SD of predictor (window=7 days)"
"ahlh_roll_max_7","rolling","Rolling max of predictor (window=7 days)"
"ahlh_change_7","rolling","Change over 7 days"
"ahlh_roll_mean_14","rolling","Rolling mean of predictor (window=14 days)"
"ahlh_roll_sd_14","rolling","Rolling SD of predictor (window=14 days)"
"ahlh_roll_max_14","rolling","Rolling max of predictor (window=14 days)"
"ahlh_change_14","rolling","Change over 14 days"
"ahlh_roll_mean_30","rolling","Rolling mean of predictor (window=30 days)"
"ahlh_roll_sd_30","rolling","Rolling SD of predictor (window=30 days)"
"ahlh_roll_max_30","rolling","Rolling max of predictor (window=30 days)"
"ahlh_change_30","rolling","Change over 30 days"
"ahsm_roll_mean_3","rolling","Rolling mean of predictor (window=3 days)"
"ahsm_roll_sd_3","rolling","Rolling SD of predictor (window=3 days)"
"ahsm_roll_max_3","rolling","Rolling max of predictor (window=3 days)"
"ahsm_change_3","rolling","Change over 3 days"
"ahsm_roll_mean_7","rolling","Rolling mean of predictor (window=7 days)"
"ahsm_roll_sd_7","rolling","Rolling SD of predictor (window=7 days)"
"ahsm_roll_max_7","rolling","Rolling max of predictor (window=7 days)"
"ahsm_change_7","rolling","Change over 7 days"
"ahsm_roll_mean_14","rolling","Rolling mean of predictor (window=14 days)"
"ahsm_roll_sd_14","rolling","Rolling SD of predictor (window=14 days)"
"ahsm_roll_max_14","rolling","Rolling max of predictor (window=14 days)"
"ahsm_change_14","rolling","Change over 14 days"
"ahsm_roll_mean_30","rolling","Rolling mean of predictor (window=30 days)"
"ahsm_roll_sd_30","rolling","Rolling SD of predictor (window=30 days)"
"ahsm_roll_max_30","rolling","Rolling max of predictor (window=30 days)"
"ahsm_change_30","rolling","Change over 30 days"
"ahmlh_roll_mean_3","rolling","Rolling mean of predictor (window=3 days)"
"ahmlh_roll_sd_3","rolling","Rolling SD of predictor (window=3 days)"
"ahmlh_roll_max_3","rolling","Rolling max of predictor (window=3 days)"
"ahmlh_change_3","rolling","Change over 3 days"
"ahmlh_roll_mean_7","rolling","Rolling mean of predictor (window=7 days)"
"ahmlh_roll_sd_7","rolling","Rolling SD of predictor (window=7 days)"
"ahmlh_roll_max_7","rolling","Rolling max of predictor (window=7 days)"
"ahmlh_change_7","rolling","Change over 7 days"
"ahmlh_roll_mean_14","rolling","Rolling mean of predictor (window=14 days)"
"ahmlh_roll_sd_14","rolling","Rolling SD of predictor (window=14 days)"
"ahmlh_roll_max_14","rolling","Rolling max of predictor (window=14 days)"
"ahmlh_change_14","rolling","Change over 14 days"
"ahmlh_roll_mean_30","rolling","Rolling mean of predictor (window=30 days)"
"ahmlh_roll_sd_30","rolling","Rolling SD of predictor (window=30 days)"
"ahmlh_roll_max_30","rolling","Rolling max of predictor (window=30 days)"
"ahmlh_change_30","rolling","Change over 30 days"
"ahsm.1_roll_mean_3","rolling","Rolling mean of predictor (window=3 days)"
"ahsm.1_roll_sd_3","rolling","Rolling SD of predictor (window=3 days)"
"ahsm.1_roll_max_3","rolling","Rolling max of predictor (window=3 days)"
"ahsm.1_change_3","rolling","Change over 3 days"
"ahsm.1_roll_mean_7","rolling","Rolling mean of predictor (window=7 days)"
"ahsm.1_roll_sd_7","rolling","Rolling SD of predictor (window=7 days)"
"ahsm.1_roll_max_7","rolling","Rolling max of predictor (window=7 days)"
"ahsm.1_change_7","rolling","Change over 7 days"
"ahsm.1_roll_mean_14","rolling","Rolling mean of predictor (window=14 days)"
"ahsm.1_roll_sd_14","rolling","Rolling SD of predictor (window=14 days)"
"ahsm.1_roll_max_14","rolling","Rolling max of predictor (window=14 days)"
"ahsm.1_change_14","rolling","Change over 14 days"
"ahsm.1_roll_mean_30","rolling","Rolling mean of predictor (window=30 days)"
"ahsm.1_roll_sd_30","rolling","Rolling SD of predictor (window=30 days)"
"ahsm.1_roll_max_30","rolling","Rolling max of predictor (window=30 days)"
"ahsm.1_change_30","rolling","Change over 30 days"
"ahmlh.1_roll_mean_3","rolling","Rolling mean of predictor (window=3 days)"
"ahmlh.1_roll_sd_3","rolling","Rolling SD of predictor (window=3 days)"
"ahmlh.1_roll_max_3","rolling","Rolling max of predictor (window=3 days)"
"ahmlh.1_change_3","rolling","Change over 3 days"
"ahmlh.1_roll_mean_7","rolling","Rolling mean of predictor (window=7 days)"
"ahmlh.1_roll_sd_7","rolling","Rolling SD of predictor (window=7 days)"
"ahmlh.1_roll_max_7","rolling","Rolling max of predictor (window=7 days)"
"ahmlh.1_change_7","rolling","Change over 7 days"
"ahmlh.1_roll_mean_14","rolling","Rolling mean of predictor (window=14 days)"
"ahmlh.1_roll_sd_14","rolling","Rolling SD of predictor (window=14 days)"
"ahmlh.1_roll_max_14","rolling","Rolling max of predictor (window=14 days)"
"ahmlh.1_change_14","rolling","Change over 14 days"
"ahmlh.1_roll_mean_30","rolling","Rolling mean of predictor (window=30 days)"
"ahmlh.1_roll_sd_30","rolling","Rolling SD of predictor (window=30 days)"
"ahmlh.1_roll_max_30","rolling","Rolling max of predictor (window=30 days)"
"ahmlh.1_change_30","rolling","Change over 30 days"
"ahsm.2_roll_mean_3","rolling","Rolling mean of predictor (window=3 days)"
"ahsm.2_roll_sd_3","rolling","Rolling SD of predictor (window=3 days)"
"ahsm.2_roll_max_3","rolling","Rolling max of predictor (window=3 days)"
"ahsm.2_change_3","rolling","Change over 3 days"
"ahsm.2_roll_mean_7","rolling","Rolling mean of predictor (window=7 days)"
"ahsm.2_roll_sd_7","rolling","Rolling SD of predictor (window=7 days)"
"ahsm.2_roll_max_7","rolling","Rolling max of predictor (window=7 days)"
"ahsm.2_change_7","rolling","Change over 7 days"
"ahsm.2_roll_mean_14","rolling","Rolling mean of predictor (window=14 days)"
"ahsm.2_roll_sd_14","rolling","Rolling SD of predictor (window=14 days)"
"ahsm.2_roll_max_14","rolling","Rolling max of predictor (window=14 days)"
"ahsm.2_change_14","rolling","Change over 14 days"
"ahsm.2_roll_mean_30","rolling","Rolling mean of predictor (window=30 days)"
"ahsm.2_roll_sd_30","rolling","Rolling SD of predictor (window=30 days)"
"ahsm.2_roll_max_30","rolling","Rolling max of predictor (window=30 days)"
"ahsm.2_change_30","rolling","Change over 30 days"
"acthlh_roll_mean_3","rolling","Rolling mean of predictor (window=3 days)"
"acthlh_roll_sd_3","rolling","Rolling SD of predictor (window=3 days)"
"acthlh_roll_max_3","rolling","Rolling max of predictor (window=3 days)"
"acthlh_change_3","rolling","Change over 3 days"
"acthlh_roll_mean_7","rolling","Rolling mean of predictor (window=7 days)"
"acthlh_roll_sd_7","rolling","Rolling SD of predictor (window=7 days)"
"acthlh_roll_max_7","rolling","Rolling max of predictor (window=7 days)"
"acthlh_change_7","rolling","Change over 7 days"
"acthlh_roll_mean_14","rolling","Rolling mean of predictor (window=14 days)"
"acthlh_roll_sd_14","rolling","Rolling SD of predictor (window=14 days)"
"acthlh_roll_max_14","rolling","Rolling max of predictor (window=14 days)"
"acthlh_change_14","rolling","Change over 14 days"
"acthlh_roll_mean_30","rolling","Rolling mean of predictor (window=30 days)"
"acthlh_roll_sd_30","rolling","Rolling SD of predictor (window=30 days)"
"acthlh_roll_max_30","rolling","Rolling max of predictor (window=30 days)"
"acthlh_change_30","rolling","Change over 30 days"
"acthsm_roll_mean_3","rolling","Rolling mean of predictor (window=3 days)"
"acthsm_roll_sd_3","rolling","Rolling SD of predictor (window=3 days)"
"acthsm_roll_max_3","rolling","Rolling max of predictor (window=3 days)"
"acthsm_change_3","rolling","Change over 3 days"
"acthsm_roll_mean_7","rolling","Rolling mean of predictor (window=7 days)"
"acthsm_roll_sd_7","rolling","Rolling SD of predictor (window=7 days)"
"acthsm_roll_max_7","rolling","Rolling max of predictor (window=7 days)"
"acthsm_change_7","rolling","Change over 7 days"
"acthsm_roll_mean_14","rolling","Rolling mean of predictor (window=14 days)"
"acthsm_roll_sd_14","rolling","Rolling SD of predictor (window=14 days)"
"acthsm_roll_max_14","rolling","Rolling max of predictor (window=14 days)"
"acthsm_change_14","rolling","Change over 14 days"
"acthsm_roll_mean_30","rolling","Rolling mean of predictor (window=30 days)"
"acthsm_roll_sd_30","rolling","Rolling SD of predictor (window=30 days)"
"acthsm_roll_max_30","rolling","Rolling max of predictor (window=30 days)"
"acthsm_change_30","rolling","Change over 30 days"
"ambulncsenrtthsptl_roll_mean_3","rolling","Rolling mean of predictor (window=3 days)"
"ambulncsenrtthsptl_roll_sd_3","rolling","Rolling SD of predictor (window=3 days)"
"ambulncsenrtthsptl_roll_max_3","rolling","Rolling max of predictor (window=3 days)"
"ambulncsenrtthsptl_change_3","rolling","Change over 3 days"
"ambulncsenrtthsptl_roll_mean_7","rolling","Rolling mean of predictor (window=7 days)"
"ambulncsenrtthsptl_roll_sd_7","rolling","Rolling SD of predictor (window=7 days)"
"ambulncsenrtthsptl_roll_max_7","rolling","Rolling max of predictor (window=7 days)"
"ambulncsenrtthsptl_change_7","rolling","Change over 7 days"
"ambulncsenrtthsptl_roll_mean_14","rolling","Rolling mean of predictor (window=14 days)"
"ambulncsenrtthsptl_roll_sd_14","rolling","Rolling SD of predictor (window=14 days)"
"ambulncsenrtthsptl_roll_max_14","rolling","Rolling max of predictor (window=14 days)"
"ambulncsenrtthsptl_change_14","rolling","Change over 14 days"
"ambulncsenrtthsptl_roll_mean_30","rolling","Rolling mean of predictor (window=30 days)"
"ambulncsenrtthsptl_roll_sd_30","rolling","Rolling SD of predictor (window=30 days)"
"ambulncsenrtthsptl_roll_max_30","rolling","Rolling max of predictor (window=30 days)"
"ambulncsenrtthsptl_change_30","rolling","Change over 30 days"
"htlsm_roll_mean_3","rolling","Rolling mean of predictor (window=3 days)"
"htlsm_roll_sd_3","rolling","Rolling SD of predictor (window=3 days)"
"htlsm_roll_max_3","rolling","Rolling max of predictor (window=3 days)"
"htlsm_change_3","rolling","Change over 3 days"
"htlsm_roll_mean_7","rolling","Rolling mean of predictor (window=7 days)"
"htlsm_roll_sd_7","rolling","Rolling SD of predictor (window=7 days)"
"htlsm_roll_max_7","rolling","Rolling max of predictor (window=7 days)"
"htlsm_change_7","rolling","Change over 7 days"
"htlsm_roll_mean_14","rolling","Rolling mean of predictor (window=14 days)"
"htlsm_roll_sd_14","rolling","Rolling SD of predictor (window=14 days)"
"htlsm_roll_max_14","rolling","Rolling max of predictor (window=14 days)"
"htlsm_change_14","rolling","Change over 14 days"
"htlsm_roll_mean_30","rolling","Rolling mean of predictor (window=30 days)"
"htlsm_roll_sd_30","rolling","Rolling SD of predictor (window=30 days)"
"htlsm_roll_max_30","rolling","Rolling max of predictor (window=30 days)"
"htlsm_change_30","rolling","Change over 30 days"
"htclh_roll_mean_3","rolling","Rolling mean of predictor (window=3 days)"
"htclh_roll_sd_3","rolling","Rolling SD of predictor (window=3 days)"
"htclh_roll_max_3","rolling","Rolling max of predictor (window=3 days)"
"htclh_change_3","rolling","Change over 3 days"
"htclh_roll_mean_7","rolling","Rolling mean of predictor (window=7 days)"
"htclh_roll_sd_7","rolling","Rolling SD of predictor (window=7 days)"
"htclh_roll_max_7","rolling","Rolling max of predictor (window=7 days)"
"htclh_change_7","rolling","Change over 7 days"
"htclh_roll_mean_14","rolling","Rolling mean of predictor (window=14 days)"
"htclh_roll_sd_14","rolling","Rolling SD of predictor (window=14 days)"
"htclh_roll_max_14","rolling","Rolling max of predictor (window=14 days)"
"htclh_change_14","rolling","Change over 14 days"
"htclh_roll_mean_30","rolling","Rolling mean of predictor (window=30 days)"
"htclh_roll_sd_30","rolling","Rolling SD of predictor (window=30 days)"
"htclh_roll_max_30","rolling","Rolling max of predictor (window=30 days)"
"htclh_change_30","rolling","Change over 30 days"
"htcsm_roll_mean_3","rolling","Rolling mean of predictor (window=3 days)"
"htcsm_roll_sd_3","rolling","Rolling SD of predictor (window=3 days)"
"htcsm_roll_max_3","rolling","Rolling max of predictor (window=3 days)"
"htcsm_change_3","rolling","Change over 3 days"
"htcsm_roll_mean_7","rolling","Rolling mean of predictor (window=7 days)"
"htcsm_roll_sd_7","rolling","Rolling SD of predictor (window=7 days)"
"htcsm_roll_max_7","rolling","Rolling max of predictor (window=7 days)"
"htcsm_change_7","rolling","Change over 7 days"
"htcsm_roll_mean_14","rolling","Rolling mean of predictor (window=14 days)"
"htcsm_roll_sd_14","rolling","Rolling SD of predictor (window=14 days)"
"htcsm_roll_max_14","rolling","Rolling max of predictor (window=14 days)"
"htcsm_change_14","rolling","Change over 14 days"
"htcsm_roll_mean_30","rolling","Rolling mean of predictor (window=30 days)"
"htcsm_roll_sd_30","rolling","Rolling SD of predictor (window=30 days)"
"htcsm_roll_max_30","rolling","Rolling max of predictor (window=30 days)"
"htcsm_change_30","rolling","Change over 30 days"
"htclh.1_roll_mean_3","rolling","Rolling mean of predictor (window=3 days)"
"htclh.1_roll_sd_3","rolling","Rolling SD of predictor (window=3 days)"
"htclh.1_roll_max_3","rolling","Rolling max of predictor (window=3 days)"
"htclh.1_change_3","rolling","Change over 3 days"
"htclh.1_roll_mean_7","rolling","Rolling mean of predictor (window=7 days)"
"htclh.1_roll_sd_7","rolling","Rolling SD of predictor (window=7 days)"
"htclh.1_roll_max_7","rolling","Rolling max of predictor (window=7 days)"
"htclh.1_change_7","rolling","Change over 7 days"
"htclh.1_roll_mean_14","rolling","Rolling mean of predictor (window=14 days)"
"htclh.1_roll_sd_14","rolling","Rolling SD of predictor (window=14 days)"
"htclh.1_roll_max_14","rolling","Rolling max of predictor (window=14 days)"
"htclh.1_change_14","rolling","Change over 14 days"
"htclh.1_roll_mean_30","rolling","Rolling mean of predictor (window=30 days)"
"htclh.1_roll_sd_30","rolling","Rolling SD of predictor (window=30 days)"
"htclh.1_roll_max_30","rolling","Rolling max of predictor (window=30 days)"
"htclh.1_change_30","rolling","Change over 30 days"
"htcsm.1_roll_mean_3","rolling","Rolling mean of predictor (window=3 days)"
"htcsm.1_roll_sd_3","rolling","Rolling SD of predictor (window=3 days)"
"htcsm.1_roll_max_3","rolling","Rolling max of predictor (window=3 days)"
"htcsm.1_change_3","rolling","Change over 3 days"
"htcsm.1_roll_mean_7","rolling","Rolling mean of predictor (window=7 days)"
"htcsm.1_roll_sd_7","rolling","Rolling SD of predictor (window=7 days)"
"htcsm.1_roll_max_7","rolling","Rolling max of predictor (window=7 days)"
"htcsm.1_change_7","rolling","Change over 7 days"
"htcsm.1_roll_mean_14","rolling","Rolling mean of predictor (window=14 days)"
"htcsm.1_roll_sd_14","rolling","Rolling SD of predictor (window=14 days)"
"htcsm.1_roll_max_14","rolling","Rolling max of predictor (window=14 days)"
"htcsm.1_change_14","rolling","Change over 14 days"
"htcsm.1_roll_mean_30","rolling","Rolling mean of predictor (window=30 days)"
"htcsm.1_roll_sd_30","rolling","Rolling SD of predictor (window=30 days)"
"htcsm.1_roll_max_30","rolling","Rolling max of predictor (window=30 days)"
"htcsm.1_change_30","rolling","Change over 30 days"
"htcsm.2_roll_mean_3","rolling","Rolling mean of predictor (window=3 days)"
"htcsm.2_roll_sd_3","rolling","Rolling SD of predictor (window=3 days)"
"htcsm.2_roll_max_3","rolling","Rolling max of predictor (window=3 days)"
"htcsm.2_change_3","rolling","Change over 3 days"
"htcsm.2_roll_mean_7","rolling","Rolling mean of predictor (window=7 days)"
"htcsm.2_roll_sd_7","rolling","Rolling SD of predictor (window=7 days)"
"htcsm.2_roll_max_7","rolling","Rolling max of predictor (window=7 days)"
"htcsm.2_change_7","rolling","Change over 7 days"
"htcsm.2_roll_mean_14","rolling","Rolling mean of predictor (window=14 days)"
"htcsm.2_roll_sd_14","rolling","Rolling SD of predictor (window=14 days)"
"htcsm.2_roll_max_14","rolling","Rolling max of predictor (window=14 days)"
"htcsm.2_change_14","rolling","Change over 14 days"
"htcsm.2_roll_mean_30","rolling","Rolling mean of predictor (window=30 days)"
"htcsm.2_roll_sd_30","rolling","Rolling SD of predictor (window=30 days)"
"htcsm.2_roll_max_30","rolling","Rolling max of predictor (window=30 days)"
"htcsm.2_change_30","rolling","Change over 30 days"
"opel_roll_mean_3","rolling","Rolling mean of predictor (window=3 days)"
"opel_roll_sd_3","rolling","Rolling SD of predictor (window=3 days)"
"opel_roll_max_3","rolling","Rolling max of predictor (window=3 days)"
"opel_change_3","rolling","Change over 3 days"
"opel_roll_mean_7","rolling","Rolling mean of predictor (window=7 days)"
"opel_roll_sd_7","rolling","Rolling SD of predictor (window=7 days)"
"opel_roll_max_7","rolling","Rolling max of predictor (window=7 days)"
"opel_change_7","rolling","Change over 7 days"
"opel_roll_mean_14","rolling","Rolling mean of predictor (window=14 days)"
"opel_roll_sd_14","rolling","Rolling SD of predictor (window=14 days)"
"opel_roll_max_14","rolling","Rolling max of predictor (window=14 days)"
"opel_change_14","rolling","Change over 14 days"
"opel_roll_mean_30","rolling","Rolling mean of predictor (window=30 days)"
"opel_roll_sd_30","rolling","Rolling SD of predictor (window=30 days)"
"opel_roll_max_30","rolling","Rolling max of predictor (window=30 days)"
"opel_change_30","rolling","Change over 30 days"
"cbrh_roll_mean_3","rolling","Rolling mean of predictor (window=3 days)"
"cbrh_roll_sd_3","rolling","Rolling SD of predictor (window=3 days)"
"cbrh_roll_max_3","rolling","Rolling max of predictor (window=3 days)"
"cbrh_change_3","rolling","Change over 3 days"
"cbrh_roll_mean_7","rolling","Rolling mean of predictor (window=7 days)"
"cbrh_roll_sd_7","rolling","Rolling SD of predictor (window=7 days)"
"cbrh_roll_max_7","rolling","Rolling max of predictor (window=7 days)"
"cbrh_change_7","rolling","Change over 7 days"
"cbrh_roll_mean_14","rolling","Rolling mean of predictor (window=14 days)"
"cbrh_roll_sd_14","rolling","Rolling SD of predictor (window=14 days)"
"cbrh_roll_max_14","rolling","Rolling max of predictor (window=14 days)"
"cbrh_change_14","rolling","Change over 14 days"
"cbrh_roll_mean_30","rolling","Rolling mean of predictor (window=30 days)"
"cbrh_roll_sd_30","rolling","Rolling SD of predictor (window=30 days)"
"cbrh_roll_max_30","rolling","Rolling max of predictor (window=30 days)"
"cbrh_change_30","rolling","Change over 30 days"
"cbmrm_roll_mean_3","rolling","Rolling mean of predictor (window=3 days)"
"cbmrm_roll_sd_3","rolling","Rolling SD of predictor (window=3 days)"
"cbmrm_roll_max_3","rolling","Rolling max of predictor (window=3 days)"
"cbmrm_change_3","rolling","Change over 3 days"
"cbmrm_roll_mean_7","rolling","Rolling mean of predictor (window=7 days)"
"cbmrm_roll_sd_7","rolling","Rolling SD of predictor (window=7 days)"
"cbmrm_roll_max_7","rolling","Rolling max of predictor (window=7 days)"
"cbmrm_change_7","rolling","Change over 7 days"
"cbmrm_roll_mean_14","rolling","Rolling mean of predictor (window=14 days)"
"cbmrm_roll_sd_14","rolling","Rolling SD of predictor (window=14 days)"
"cbmrm_roll_max_14","rolling","Rolling max of predictor (window=14 days)"
"cbmrm_change_14","rolling","Change over 14 days"
"cbmrm_roll_mean_30","rolling","Rolling mean of predictor (window=30 days)"
"cbmrm_roll_sd_30","rolling","Rolling SD of predictor (window=30 days)"
"cbmrm_roll_max_30","rolling","Rolling max of predictor (window=30 days)"
"cbmrm_change_30","rolling","Change over 30 days"
"cbrh.1_roll_mean_3","rolling","Rolling mean of predictor (window=3 days)"
"cbrh.1_roll_sd_3","rolling","Rolling SD of predictor (window=3 days)"
"cbrh.1_roll_max_3","rolling","Rolling max of predictor (window=3 days)"
"cbrh.1_change_3","rolling","Change over 3 days"
"cbrh.1_roll_mean_7","rolling","Rolling mean of predictor (window=7 days)"
"cbrh.1_roll_sd_7","rolling","Rolling SD of predictor (window=7 days)"
"cbrh.1_roll_max_7","rolling","Rolling max of predictor (window=7 days)"
"cbrh.1_change_7","rolling","Change over 7 days"
"cbrh.1_roll_mean_14","rolling","Rolling mean of predictor (window=14 days)"
"cbrh.1_roll_sd_14","rolling","Rolling SD of predictor (window=14 days)"
"cbrh.1_roll_max_14","rolling","Rolling max of predictor (window=14 days)"
"cbrh.1_change_14","rolling","Change over 14 days"
"cbrh.1_roll_mean_30","rolling","Rolling mean of predictor (window=30 days)"
"cbrh.1_roll_sd_30","rolling","Rolling SD of predictor (window=30 days)"
"cbrh.1_roll_max_30","rolling","Rolling max of predictor (window=30 days)"
"cbrh.1_change_30","rolling","Change over 30 days"
"cbmrm.1_roll_mean_3","rolling","Rolling mean of predictor (window=3 days)"
"cbmrm.1_roll_sd_3","rolling","Rolling SD of predictor (window=3 days)"
"cbmrm.1_roll_max_3","rolling","Rolling max of predictor (window=3 days)"
"cbmrm.1_change_3","rolling","Change over 3 days"
"cbmrm.1_roll_mean_7","rolling","Rolling mean of predictor (window=7 days)"
"cbmrm.1_roll_sd_7","rolling","Rolling SD of predictor (window=7 days)"
"cbmrm.1_roll_max_7","rolling","Rolling max of predictor (window=7 days)"
"cbmrm.1_change_7","rolling","Change over 7 days"
"cbmrm.1_roll_mean_14","rolling","Rolling mean of predictor (window=14 days)"
"cbmrm.1_roll_sd_14","rolling","Rolling SD of predictor (window=14 days)"
"cbmrm.1_roll_max_14","rolling","Rolling max of predictor (window=14 days)"
"cbmrm.1_change_14","rolling","Change over 14 days"
"cbmrm.1_roll_mean_30","rolling","Rolling mean of predictor (window=30 days)"
"cbmrm.1_roll_sd_30","rolling","Rolling SD of predictor (window=30 days)"
"cbmrm.1_roll_max_30","rolling","Rolling max of predictor (window=30 days)"
"cbmrm.1_change_30","rolling","Change over 30 days"
"cbrh.2_roll_mean_3","rolling","Rolling mean of predictor (window=3 days)"
"cbrh.2_roll_sd_3","rolling","Rolling SD of predictor (window=3 days)"
"cbrh.2_roll_max_3","rolling","Rolling max of predictor (window=3 days)"
"cbrh.2_change_3","rolling","Change over 3 days"
"cbrh.2_roll_mean_7","rolling","Rolling mean of predictor (window=7 days)"
"cbrh.2_roll_sd_7","rolling","Rolling SD of predictor (window=7 days)"
"cbrh.2_roll_max_7","rolling","Rolling max of predictor (window=7 days)"
"cbrh.2_change_7","rolling","Change over 7 days"
"cbrh.2_roll_mean_14","rolling","Rolling mean of predictor (window=14 days)"
"cbrh.2_roll_sd_14","rolling","Rolling SD of predictor (window=14 days)"
"cbrh.2_roll_max_14","rolling","Rolling max of predictor (window=14 days)"
"cbrh.2_change_14","rolling","Change over 14 days"
"cbrh.2_roll_mean_30","rolling","Rolling mean of predictor (window=30 days)"
"cbrh.2_roll_sd_30","rolling","Rolling SD of predictor (window=30 days)"
"cbrh.2_roll_max_30","rolling","Rolling max of predictor (window=30 days)"
"cbrh.2_change_30","rolling","Change over 30 days"
"cbmrm.2_roll_mean_3","rolling","Rolling mean of predictor (window=3 days)"
"cbmrm.2_roll_sd_3","rolling","Rolling SD of predictor (window=3 days)"
"cbmrm.2_roll_max_3","rolling","Rolling max of predictor (window=3 days)"
"cbmrm.2_change_3","rolling","Change over 3 days"
"cbmrm.2_roll_mean_7","rolling","Rolling mean of predictor (window=7 days)"
"cbmrm.2_roll_sd_7","rolling","Rolling SD of predictor (window=7 days)"
"cbmrm.2_roll_max_7","rolling","Rolling max of predictor (window=7 days)"
"cbmrm.2_change_7","rolling","Change over 7 days"
"cbmrm.2_roll_mean_14","rolling","Rolling mean of predictor (window=14 days)"
"cbmrm.2_roll_sd_14","rolling","Rolling SD of predictor (window=14 days)"
"cbmrm.2_roll_max_14","rolling","Rolling max of predictor (window=14 days)"
"cbmrm.2_change_14","rolling","Change over 14 days"
"cbmrm.2_roll_mean_30","rolling","Rolling mean of predictor (window=30 days)"
"cbmrm.2_roll_sd_30","rolling","Rolling SD of predictor (window=30 days)"
"cbmrm.2_roll_max_30","rolling","Rolling max of predictor (window=30 days)"
"cbmrm.2_change_30","rolling","Change over 30 days"
"noacotcs_roll_mean_3","rolling","Rolling mean of predictor (window=3 days)"
"noacotcs_roll_sd_3","rolling","Rolling SD of predictor (window=3 days)"
"noacotcs_roll_max_3","rolling","Rolling max of predictor (window=3 days)"
"noacotcs_change_3","rolling","Change over 3 days"
"noacotcs_roll_mean_7","rolling","Rolling mean of predictor (window=7 days)"
"noacotcs_roll_sd_7","rolling","Rolling SD of predictor (window=7 days)"
"noacotcs_roll_max_7","rolling","Rolling max of predictor (window=7 days)"
"noacotcs_change_7","rolling","Change over 7 days"
"noacotcs_roll_mean_14","rolling","Rolling mean of predictor (window=14 days)"
"noacotcs_roll_sd_14","rolling","Rolling SD of predictor (window=14 days)"
"noacotcs_roll_max_14","rolling","Rolling max of predictor (window=14 days)"
"noacotcs_change_14","rolling","Change over 14 days"
"noacotcs_roll_mean_30","rolling","Rolling mean of predictor (window=30 days)"
"noacotcs_roll_sd_30","rolling","Rolling SD of predictor (window=30 days)"
"noacotcs_roll_max_30","rolling","Rolling max of predictor (window=30 days)"
"noacotcs_change_30","rolling","Change over 30 days"
"nowcotcs_roll_mean_3","rolling","Rolling mean of predictor (window=3 days)"
"nowcotcs_roll_sd_3","rolling","Rolling SD of predictor (window=3 days)"
"nowcotcs_roll_max_3","rolling","Rolling max of predictor (window=3 days)"
"nowcotcs_change_3","rolling","Change over 3 days"
"nowcotcs_roll_mean_7","rolling","Rolling mean of predictor (window=7 days)"
"nowcotcs_roll_sd_7","rolling","Rolling SD of predictor (window=7 days)"
"nowcotcs_roll_max_7","rolling","Rolling max of predictor (window=7 days)"
"nowcotcs_change_7","rolling","Change over 7 days"
"nowcotcs_roll_mean_14","rolling","Rolling mean of predictor (window=14 days)"
"nowcotcs_roll_sd_14","rolling","Rolling SD of predictor (window=14 days)"
"nowcotcs_roll_max_14","rolling","Rolling max of predictor (window=14 days)"
"nowcotcs_change_14","rolling","Change over 14 days"
"nowcotcs_roll_mean_30","rolling","Rolling mean of predictor (window=30 days)"
"nowcotcs_roll_sd_30","rolling","Rolling SD of predictor (window=30 days)"
"nowcotcs_roll_max_30","rolling","Rolling max of predictor (window=30 days)"
"nowcotcs_change_30","rolling","Change over 30 days"
"pocsmtraht_roll_mean_3","rolling","Rolling mean of predictor (window=3 days)"
"pocsmtraht_roll_sd_3","rolling","Rolling SD of predictor (window=3 days)"
"pocsmtraht_roll_max_3","rolling","Rolling max of predictor (window=3 days)"
"pocsmtraht_change_3","rolling","Change over 3 days"
"pocsmtraht_roll_mean_7","rolling","Rolling mean of predictor (window=7 days)"
"pocsmtraht_roll_sd_7","rolling","Rolling SD of predictor (window=7 days)"
"pocsmtraht_roll_max_7","rolling","Rolling max of predictor (window=7 days)"
"pocsmtraht_change_7","rolling","Change over 7 days"
"pocsmtraht_roll_mean_14","rolling","Rolling mean of predictor (window=14 days)"
"pocsmtraht_roll_sd_14","rolling","Rolling SD of predictor (window=14 days)"
"pocsmtraht_roll_max_14","rolling","Rolling max of predictor (window=14 days)"
"pocsmtraht_change_14","rolling","Change over 14 days"
"pocsmtraht_roll_mean_30","rolling","Rolling mean of predictor (window=30 days)"
"pocsmtraht_roll_sd_30","rolling","Rolling SD of predictor (window=30 days)"
"pocsmtraht_roll_max_30","rolling","Rolling max of predictor (window=30 days)"
"pocsmtraht_change_30","rolling","Change over 30 days"
"pocsmtrasc_roll_mean_3","rolling","Rolling mean of predictor (window=3 days)"
"pocsmtrasc_roll_sd_3","rolling","Rolling SD of predictor (window=3 days)"
"pocsmtrasc_roll_max_3","rolling","Rolling max of predictor (window=3 days)"
"pocsmtrasc_change_3","rolling","Change over 3 days"
"pocsmtrasc_roll_mean_7","rolling","Rolling mean of predictor (window=7 days)"
"pocsmtrasc_roll_sd_7","rolling","Rolling SD of predictor (window=7 days)"
"pocsmtrasc_roll_max_7","rolling","Rolling max of predictor (window=7 days)"
"pocsmtrasc_change_7","rolling","Change over 7 days"
"pocsmtrasc_roll_mean_14","rolling","Rolling mean of predictor (window=14 days)"
"pocsmtrasc_roll_sd_14","rolling","Rolling SD of predictor (window=14 days)"
"pocsmtrasc_roll_max_14","rolling","Rolling max of predictor (window=14 days)"
"pocsmtrasc_change_14","rolling","Change over 14 days"
"pocsmtrasc_roll_mean_30","rolling","Rolling mean of predictor (window=30 days)"
"pocsmtrasc_roll_sd_30","rolling","Rolling SD of predictor (window=30 days)"
"pocsmtrasc_roll_max_30","rolling","Rolling max of predictor (window=30 days)"
"pocsmtrasc_change_30","rolling","Change over 30 days"
"pocsmtrast_roll_mean_3","rolling","Rolling mean of predictor (window=3 days)"
"pocsmtrast_roll_sd_3","rolling","Rolling SD of predictor (window=3 days)"
"pocsmtrast_roll_max_3","rolling","Rolling max of predictor (window=3 days)"
"pocsmtrast_change_3","rolling","Change over 3 days"
"pocsmtrast_roll_mean_7","rolling","Rolling mean of predictor (window=7 days)"
"pocsmtrast_roll_sd_7","rolling","Rolling SD of predictor (window=7 days)"
"pocsmtrast_roll_max_7","rolling","Rolling max of predictor (window=7 days)"
"pocsmtrast_change_7","rolling","Change over 7 days"
"pocsmtrast_roll_mean_14","rolling","Rolling mean of predictor (window=14 days)"
"pocsmtrast_roll_sd_14","rolling","Rolling SD of predictor (window=14 days)"
"pocsmtrast_roll_max_14","rolling","Rolling max of predictor (window=14 days)"
"pocsmtrast_change_14","rolling","Change over 14 days"
"pocsmtrast_roll_mean_30","rolling","Rolling mean of predictor (window=30 days)"
"pocsmtrast_roll_sd_30","rolling","Rolling SD of predictor (window=30 days)"
"pocsmtrast_roll_max_30","rolling","Rolling max of predictor (window=30 days)"
"pocsmtrast_change_30","rolling","Change over 30 days"
"amblncsenrtthsptls_roll_mean_3","rolling","Rolling mean of predictor (window=3 days)"
"amblncsenrtthsptls_roll_sd_3","rolling","Rolling SD of predictor (window=3 days)"
"amblncsenrtthsptls_roll_max_3","rolling","Rolling max of predictor (window=3 days)"
"amblncsenrtthsptls_change_3","rolling","Change over 3 days"
"amblncsenrtthsptls_roll_mean_7","rolling","Rolling mean of predictor (window=7 days)"
"amblncsenrtthsptls_roll_sd_7","rolling","Rolling SD of predictor (window=7 days)"
"amblncsenrtthsptls_roll_max_7","rolling","Rolling max of predictor (window=7 days)"
"amblncsenrtthsptls_change_7","rolling","Change over 7 days"
"amblncsenrtthsptls_roll_mean_14","rolling","Rolling mean of predictor (window=14 days)"
"amblncsenrtthsptls_roll_sd_14","rolling","Rolling SD of predictor (window=14 days)"
"amblncsenrtthsptls_roll_max_14","rolling","Rolling max of predictor (window=14 days)"
"amblncsenrtthsptls_change_14","rolling","Change over 14 days"
"amblncsenrtthsptls_roll_mean_30","rolling","Rolling mean of predictor (window=30 days)"
"amblncsenrtthsptls_roll_sd_30","rolling","Rolling SD of predictor (window=30 days)"
"amblncsenrtthsptls_roll_max_30","rolling","Rolling max of predictor (window=30 days)"
"amblncsenrtthsptls_change_30","rolling","Change over 30 days"
"cbrh.3_roll_mean_3","rolling","Rolling mean of predictor (window=3 days)"
"cbrh.3_roll_sd_3","rolling","Rolling SD of predictor (window=3 days)"
"cbrh.3_roll_max_3","rolling","Rolling max of predictor (window=3 days)"
"cbrh.3_change_3","rolling","Change over 3 days"
"cbrh.3_roll_mean_7","rolling","Rolling mean of predictor (window=7 days)"
"cbrh.3_roll_sd_7","rolling","Rolling SD of predictor (window=7 days)"
"cbrh.3_roll_max_7","rolling","Rolling max of predictor (window=7 days)"
"cbrh.3_change_7","rolling","Change over 7 days"
"cbrh.3_roll_mean_14","rolling","Rolling mean of predictor (window=14 days)"
"cbrh.3_roll_sd_14","rolling","Rolling SD of predictor (window=14 days)"
"cbrh.3_roll_max_14","rolling","Rolling max of predictor (window=14 days)"
"cbrh.3_change_14","rolling","Change over 14 days"
"cbrh.3_roll_mean_30","rolling","Rolling mean of predictor (window=30 days)"
"cbrh.3_roll_sd_30","rolling","Rolling SD of predictor (window=30 days)"
"cbrh.3_roll_max_30","rolling","Rolling max of predictor (window=30 days)"
"cbrh.3_change_30","rolling","Change over 30 days"
"cbmrm.3_roll_mean_3","rolling","Rolling mean of predictor (window=3 days)"
"cbmrm.3_roll_sd_3","rolling","Rolling SD of predictor (window=3 days)"
"cbmrm.3_roll_max_3","rolling","Rolling max of predictor (window=3 days)"
"cbmrm.3_change_3","rolling","Change over 3 days"
"cbmrm.3_roll_mean_7","rolling","Rolling mean of predictor (window=7 days)"
"cbmrm.3_roll_sd_7","rolling","Rolling SD of predictor (window=7 days)"
"cbmrm.3_roll_max_7","rolling","Rolling max of predictor (window=7 days)"
"cbmrm.3_change_7","rolling","Change over 7 days"
"cbmrm.3_roll_mean_14","rolling","Rolling mean of predictor (window=14 days)"
"cbmrm.3_roll_sd_14","rolling","Rolling SD of predictor (window=14 days)"
"cbmrm.3_roll_max_14","rolling","Rolling max of predictor (window=14 days)"
"cbmrm.3_change_14","rolling","Change over 14 days"
"cbmrm.3_roll_mean_30","rolling","Rolling mean of predictor (window=30 days)"
"cbmrm.3_roll_sd_30","rolling","Rolling SD of predictor (window=30 days)"
"cbmrm.3_roll_max_30","rolling","Rolling max of predictor (window=30 days)"
"cbmrm.3_change_30","rolling","Change over 30 days"
"celbrd_roll_mean_3","rolling","Rolling mean of predictor (window=3 days)"
"celbrd_roll_sd_3","rolling","Rolling SD of predictor (window=3 days)"
"celbrd_roll_max_3","rolling","Rolling max of predictor (window=3 days)"
"celbrd_change_3","rolling","Change over 3 days"
"celbrd_roll_mean_7","rolling","Rolling mean of predictor (window=7 days)"
"celbrd_roll_sd_7","rolling","Rolling SD of predictor (window=7 days)"
"celbrd_roll_max_7","rolling","Rolling max of predictor (window=7 days)"
"celbrd_change_7","rolling","Change over 7 days"
"celbrd_roll_mean_14","rolling","Rolling mean of predictor (window=14 days)"
"celbrd_roll_sd_14","rolling","Rolling SD of predictor (window=14 days)"
"celbrd_roll_max_14","rolling","Rolling max of predictor (window=14 days)"
"celbrd_change_14","rolling","Change over 14 days"
"celbrd_roll_mean_30","rolling","Rolling mean of predictor (window=30 days)"
"celbrd_roll_sd_30","rolling","Rolling SD of predictor (window=30 days)"
"celbrd_roll_max_30","rolling","Rolling max of predictor (window=30 days)"
"celbrd_change_30","rolling","Change over 30 days"
"iucalwcb_roll_mean_3","rolling","Rolling mean of predictor (window=3 days)"
"iucalwcb_roll_sd_3","rolling","Rolling SD of predictor (window=3 days)"
"iucalwcb_roll_max_3","rolling","Rolling max of predictor (window=3 days)"
"iucalwcb_change_3","rolling","Change over 3 days"
"iucalwcb_roll_mean_7","rolling","Rolling mean of predictor (window=7 days)"
"iucalwcb_roll_sd_7","rolling","Rolling SD of predictor (window=7 days)"
"iucalwcb_roll_max_7","rolling","Rolling max of predictor (window=7 days)"
"iucalwcb_change_7","rolling","Change over 7 days"
"iucalwcb_roll_mean_14","rolling","Rolling mean of predictor (window=14 days)"
"iucalwcb_roll_sd_14","rolling","Rolling SD of predictor (window=14 days)"
"iucalwcb_roll_max_14","rolling","Rolling max of predictor (window=14 days)"
"iucalwcb_change_14","rolling","Change over 14 days"
"iucalwcb_roll_mean_30","rolling","Rolling mean of predictor (window=30 days)"
"iucalwcb_roll_sd_30","rolling","Rolling SD of predictor (window=30 days)"
"iucalwcb_roll_max_30","rolling","Rolling max of predictor (window=30 days)"
"iucalwcb_change_30","rolling","Change over 30 days"
"iucalwcb.1_roll_mean_3","rolling","Rolling mean of predictor (window=3 days)"
"iucalwcb.1_roll_sd_3","rolling","Rolling SD of predictor (window=3 days)"
"iucalwcb.1_roll_max_3","rolling","Rolling max of predictor (window=3 days)"
"iucalwcb.1_change_3","rolling","Change over 3 days"
"iucalwcb.1_roll_mean_7","rolling","Rolling mean of predictor (window=7 days)"
"iucalwcb.1_roll_sd_7","rolling","Rolling SD of predictor (window=7 days)"
"iucalwcb.1_roll_max_7","rolling","Rolling max of predictor (window=7 days)"
"iucalwcb.1_change_7","rolling","Change over 7 days"
"iucalwcb.1_roll_mean_14","rolling","Rolling mean of predictor (window=14 days)"
"iucalwcb.1_roll_sd_14","rolling","Rolling SD of predictor (window=14 days)"
"iucalwcb.1_roll_max_14","rolling","Rolling max of predictor (window=14 days)"
"iucalwcb.1_change_14","rolling","Change over 14 days"
"iucalwcb.1_roll_mean_30","rolling","Rolling mean of predictor (window=30 days)"
"iucalwcb.1_roll_sd_30","rolling","Rolling SD of predictor (window=30 days)"
"iucalwcb.1_roll_max_30","rolling","Rolling max of predictor (window=30 days)"
"iucalwcb.1_change_30","rolling","Change over 30 days"
"iucalwcb.2_roll_mean_3","rolling","Rolling mean of predictor (window=3 days)"
"iucalwcb.2_roll_sd_3","rolling","Rolling SD of predictor (window=3 days)"
"iucalwcb.2_roll_max_3","rolling","Rolling max of predictor (window=3 days)"
"iucalwcb.2_change_3","rolling","Change over 3 days"
"iucalwcb.2_roll_mean_7","rolling","Rolling mean of predictor (window=7 days)"
"iucalwcb.2_roll_sd_7","rolling","Rolling SD of predictor (window=7 days)"
"iucalwcb.2_roll_max_7","rolling","Rolling max of predictor (window=7 days)"
"iucalwcb.2_change_7","rolling","Change over 7 days"
"iucalwcb.2_roll_mean_14","rolling","Rolling mean of predictor (window=14 days)"
"iucalwcb.2_roll_sd_14","rolling","Rolling SD of predictor (window=14 days)"
"iucalwcb.2_roll_max_14","rolling","Rolling max of predictor (window=14 days)"
"iucalwcb.2_change_14","rolling","Change over 14 days"
"iucalwcb.2_roll_mean_30","rolling","Rolling mean of predictor (window=30 days)"
"iucalwcb.2_roll_sd_30","rolling","Rolling SD of predictor (window=30 days)"
"iucalwcb.2_roll_max_30","rolling","Rolling max of predictor (window=30 days)"
"iucalwcb.2_change_30","rolling","Change over 30 days"
"iucalwhcb_roll_mean_3","rolling","Rolling mean of predictor (window=3 days)"
"iucalwhcb_roll_sd_3","rolling","Rolling SD of predictor (window=3 days)"
"iucalwhcb_roll_max_3","rolling","Rolling max of predictor (window=3 days)"
"iucalwhcb_change_3","rolling","Change over 3 days"
"iucalwhcb_roll_mean_7","rolling","Rolling mean of predictor (window=7 days)"
"iucalwhcb_roll_sd_7","rolling","Rolling SD of predictor (window=7 days)"
"iucalwhcb_roll_max_7","rolling","Rolling max of predictor (window=7 days)"
"iucalwhcb_change_7","rolling","Change over 7 days"
"iucalwhcb_roll_mean_14","rolling","Rolling mean of predictor (window=14 days)"
"iucalwhcb_roll_sd_14","rolling","Rolling SD of predictor (window=14 days)"
"iucalwhcb_roll_max_14","rolling","Rolling max of predictor (window=14 days)"
"iucalwhcb_change_14","rolling","Change over 14 days"
"iucalwhcb_roll_mean_30","rolling","Rolling mean of predictor (window=30 days)"
"iucalwhcb_roll_sd_30","rolling","Rolling SD of predictor (window=30 days)"
"iucalwhcb_roll_max_30","rolling","Rolling max of predictor (window=30 days)"
"iucalwhcb_change_30","rolling","Change over 30 days"
"nocoiucq_roll_mean_3","rolling","Rolling mean of predictor (window=3 days)"
"nocoiucq_roll_sd_3","rolling","Rolling SD of predictor (window=3 days)"
"nocoiucq_roll_max_3","rolling","Rolling max of predictor (window=3 days)"
"nocoiucq_change_3","rolling","Change over 3 days"
"nocoiucq_roll_mean_7","rolling","Rolling mean of predictor (window=7 days)"
"nocoiucq_roll_sd_7","rolling","Rolling SD of predictor (window=7 days)"
"nocoiucq_roll_max_7","rolling","Rolling max of predictor (window=7 days)"
"nocoiucq_change_7","rolling","Change over 7 days"
"nocoiucq_roll_mean_14","rolling","Rolling mean of predictor (window=14 days)"
"nocoiucq_roll_sd_14","rolling","Rolling SD of predictor (window=14 days)"
"nocoiucq_roll_max_14","rolling","Rolling max of predictor (window=14 days)"
"nocoiucq_change_14","rolling","Change over 14 days"
"nocoiucq_roll_mean_30","rolling","Rolling mean of predictor (window=30 days)"
"nocoiucq_roll_sd_30","rolling","Rolling SD of predictor (window=30 days)"
"nocoiucq_roll_max_30","rolling","Rolling max of predictor (window=30 days)"
"nocoiucq_change_30","rolling","Change over 30 days"
"nmbrofhv_roll_mean_3","rolling","Rolling mean of predictor (window=3 days)"
"nmbrofhv_roll_sd_3","rolling","Rolling SD of predictor (window=3 days)"
"nmbrofhv_roll_max_3","rolling","Rolling max of predictor (window=3 days)"
"nmbrofhv_change_3","rolling","Change over 3 days"
"nmbrofhv_roll_mean_7","rolling","Rolling mean of predictor (window=7 days)"
"nmbrofhv_roll_sd_7","rolling","Rolling SD of predictor (window=7 days)"
"nmbrofhv_roll_max_7","rolling","Rolling max of predictor (window=7 days)"
"nmbrofhv_change_7","rolling","Change over 7 days"
"nmbrofhv_roll_mean_14","rolling","Rolling mean of predictor (window=14 days)"
"nmbrofhv_roll_sd_14","rolling","Rolling SD of predictor (window=14 days)"
"nmbrofhv_roll_max_14","rolling","Rolling max of predictor (window=14 days)"
"nmbrofhv_change_14","rolling","Change over 14 days"
"nmbrofhv_roll_mean_30","rolling","Rolling mean of predictor (window=30 days)"
"nmbrofhv_roll_sd_30","rolling","Rolling SD of predictor (window=30 days)"
"nmbrofhv_roll_max_30","rolling","Rolling max of predictor (window=30 days)"
"nmbrofhv_change_30","rolling","Change over 30 days"
"nmbrotca_roll_mean_3","rolling","Rolling mean of predictor (window=3 days)"
"nmbrotca_roll_sd_3","rolling","Rolling SD of predictor (window=3 days)"
"nmbrotca_roll_max_3","rolling","Rolling max of predictor (window=3 days)"
"nmbrotca_change_3","rolling","Change over 3 days"
"nmbrotca_roll_mean_7","rolling","Rolling mean of predictor (window=7 days)"
"nmbrotca_roll_sd_7","rolling","Rolling SD of predictor (window=7 days)"
"nmbrotca_roll_max_7","rolling","Rolling max of predictor (window=7 days)"
"nmbrotca_change_7","rolling","Change over 7 days"
"nmbrotca_roll_mean_14","rolling","Rolling mean of predictor (window=14 days)"
"nmbrotca_roll_sd_14","rolling","Rolling SD of predictor (window=14 days)"
"nmbrotca_roll_max_14","rolling","Rolling max of predictor (window=14 days)"
"nmbrotca_change_14","rolling","Change over 14 days"
"nmbrotca_roll_mean_30","rolling","Rolling mean of predictor (window=30 days)"
"nmbrotca_roll_sd_30","rolling","Rolling SD of predictor (window=30 days)"
"nmbrotca_roll_max_30","rolling","Rolling max of predictor (window=30 days)"
"nmbrotca_change_30","rolling","Change over 30 days"
"dtocdtap_roll_mean_3","rolling","Rolling mean of predictor (window=3 days)"
"dtocdtap_roll_sd_3","rolling","Rolling SD of predictor (window=3 days)"
"dtocdtap_roll_max_3","rolling","Rolling max of predictor (window=3 days)"
"dtocdtap_change_3","rolling","Change over 3 days"
"dtocdtap_roll_mean_7","rolling","Rolling mean of predictor (window=7 days)"
"dtocdtap_roll_sd_7","rolling","Rolling SD of predictor (window=7 days)"
"dtocdtap_roll_max_7","rolling","Rolling max of predictor (window=7 days)"
"dtocdtap_change_7","rolling","Change over 7 days"
"dtocdtap_roll_mean_14","rolling","Rolling mean of predictor (window=14 days)"
"dtocdtap_roll_sd_14","rolling","Rolling SD of predictor (window=14 days)"
"dtocdtap_roll_max_14","rolling","Rolling max of predictor (window=14 days)"
"dtocdtap_change_14","rolling","Change over 14 days"
"dtocdtap_roll_mean_30","rolling","Rolling mean of predictor (window=30 days)"
"dtocdtap_roll_sd_30","rolling","Rolling SD of predictor (window=30 days)"
"dtocdtap_roll_max_30","rolling","Rolling max of predictor (window=30 days)"
"dtocdtap_change_30","rolling","Change over 30 days"
"dtapslb.1_roll_mean_3","rolling","Rolling mean of predictor (window=3 days)"
"dtapslb.1_roll_sd_3","rolling","Rolling SD of predictor (window=3 days)"
"dtapslb.1_roll_max_3","rolling","Rolling max of predictor (window=3 days)"
"dtapslb.1_change_3","rolling","Change over 3 days"
"dtapslb.1_roll_mean_7","rolling","Rolling mean of predictor (window=7 days)"
"dtapslb.1_roll_sd_7","rolling","Rolling SD of predictor (window=7 days)"
"dtapslb.1_roll_max_7","rolling","Rolling max of predictor (window=7 days)"
"dtapslb.1_change_7","rolling","Change over 7 days"
"dtapslb.1_roll_mean_14","rolling","Rolling mean of predictor (window=14 days)"
"dtapslb.1_roll_sd_14","rolling","Rolling SD of predictor (window=14 days)"
"dtapslb.1_roll_max_14","rolling","Rolling max of predictor (window=14 days)"
"dtapslb.1_change_14","rolling","Change over 14 days"
"dtapslb.1_roll_mean_30","rolling","Rolling mean of predictor (window=30 days)"
"dtapslb.1_roll_sd_30","rolling","Rolling SD of predictor (window=30 days)"
"dtapslb.1_roll_max_30","rolling","Rolling max of predictor (window=30 days)"
"dtapslb.1_change_30","rolling","Change over 30 days"
"dtapbdo.2_roll_mean_3","rolling","Rolling mean of predictor (window=3 days)"
"dtapbdo.2_roll_sd_3","rolling","Rolling SD of predictor (window=3 days)"
"dtapbdo.2_roll_max_3","rolling","Rolling max of predictor (window=3 days)"
"dtapbdo.2_change_3","rolling","Change over 3 days"
"dtapbdo.2_roll_mean_7","rolling","Rolling mean of predictor (window=7 days)"
"dtapbdo.2_roll_sd_7","rolling","Rolling SD of predictor (window=7 days)"
"dtapbdo.2_roll_max_7","rolling","Rolling max of predictor (window=7 days)"
"dtapbdo.2_change_7","rolling","Change over 7 days"
"dtapbdo.2_roll_mean_14","rolling","Rolling mean of predictor (window=14 days)"
"dtapbdo.2_roll_sd_14","rolling","Rolling SD of predictor (window=14 days)"
"dtapbdo.2_roll_max_14","rolling","Rolling max of predictor (window=14 days)"
"dtapbdo.2_change_14","rolling","Change over 14 days"
"dtapbdo.2_roll_mean_30","rolling","Rolling mean of predictor (window=30 days)"
"dtapbdo.2_roll_sd_30","rolling","Rolling SD of predictor (window=30 days)"
"dtapbdo.2_roll_max_30","rolling","Rolling max of predictor (window=30 days)"
"dtapbdo.2_change_30","rolling","Change over 30 days"
"msba_roll_mean_3","rolling","Rolling mean of predictor (window=3 days)"
"msba_roll_sd_3","rolling","Rolling SD of predictor (window=3 days)"
"msba_roll_max_3","rolling","Rolling max of predictor (window=3 days)"
"msba_change_3","rolling","Change over 3 days"
"msba_roll_mean_7","rolling","Rolling mean of predictor (window=7 days)"
"msba_roll_sd_7","rolling","Rolling SD of predictor (window=7 days)"
"msba_roll_max_7","rolling","Rolling max of predictor (window=7 days)"
"msba_change_7","rolling","Change over 7 days"
"msba_roll_mean_14","rolling","Rolling mean of predictor (window=14 days)"
"msba_roll_sd_14","rolling","Rolling SD of predictor (window=14 days)"
"msba_roll_max_14","rolling","Rolling max of predictor (window=14 days)"
"msba_change_14","rolling","Change over 14 days"
"msba_roll_mean_30","rolling","Rolling mean of predictor (window=30 days)"
"msba_roll_sd_30","rolling","Rolling SD of predictor (window=30 days)"
"msba_roll_max_30","rolling","Rolling max of predictor (window=30 days)"
"msba_change_30","rolling","Change over 30 days"
"castdy_roll_mean_3","rolling","Rolling mean of predictor (window=3 days)"
"castdy_roll_sd_3","rolling","Rolling SD of predictor (window=3 days)"
"castdy_roll_max_3","rolling","Rolling max of predictor (window=3 days)"
"castdy_change_3","rolling","Change over 3 days"
"castdy_roll_mean_7","rolling","Rolling mean of predictor (window=7 days)"
"castdy_roll_sd_7","rolling","Rolling SD of predictor (window=7 days)"
"castdy_roll_max_7","rolling","Rolling max of predictor (window=7 days)"
"castdy_change_7","rolling","Change over 7 days"
"castdy_roll_mean_14","rolling","Rolling mean of predictor (window=14 days)"
"castdy_roll_sd_14","rolling","Rolling SD of predictor (window=14 days)"
"castdy_roll_max_14","rolling","Rolling max of predictor (window=14 days)"
"castdy_change_14","rolling","Change over 14 days"
"castdy_roll_mean_30","rolling","Rolling mean of predictor (window=30 days)"
"castdy_roll_sd_30","rolling","Rolling SD of predictor (window=30 days)"
"castdy_roll_max_30","rolling","Rolling max of predictor (window=30 days)"
"castdy_change_30","rolling","Change over 30 days"
"rfrrlsry_roll_mean_3","rolling","Rolling mean of predictor (window=3 days)"
"rfrrlsry_roll_sd_3","rolling","Rolling SD of predictor (window=3 days)"
"rfrrlsry_roll_max_3","rolling","Rolling max of predictor (window=3 days)"
"rfrrlsry_change_3","rolling","Change over 3 days"
"rfrrlsry_roll_mean_7","rolling","Rolling mean of predictor (window=7 days)"
"rfrrlsry_roll_sd_7","rolling","Rolling SD of predictor (window=7 days)"
"rfrrlsry_roll_max_7","rolling","Rolling max of predictor (window=7 days)"
"rfrrlsry_change_7","rolling","Change over 7 days"
"rfrrlsry_roll_mean_14","rolling","Rolling mean of predictor (window=14 days)"
"rfrrlsry_roll_sd_14","rolling","Rolling SD of predictor (window=14 days)"
"rfrrlsry_roll_max_14","rolling","Rolling max of predictor (window=14 days)"
"rfrrlsry_change_14","rolling","Change over 14 days"
"rfrrlsry_roll_mean_30","rolling","Rolling mean of predictor (window=30 days)"
"rfrrlsry_roll_sd_30","rolling","Rolling SD of predictor (window=30 days)"
"rfrrlsry_roll_max_30","rolling","Rolling max of predictor (window=30 days)"
"rfrrlsry_change_30","rolling","Change over 30 days"
"aissmtr_roll_mean_3","rolling","Rolling mean of predictor (window=3 days)"
"aissmtr_roll_sd_3","rolling","Rolling SD of predictor (window=3 days)"
"aissmtr_roll_max_3","rolling","Rolling max of predictor (window=3 days)"
"aissmtr_change_3","rolling","Change over 3 days"
"aissmtr_roll_mean_7","rolling","Rolling mean of predictor (window=7 days)"
"aissmtr_roll_sd_7","rolling","Rolling SD of predictor (window=7 days)"
"aissmtr_roll_max_7","rolling","Rolling max of predictor (window=7 days)"
"aissmtr_change_7","rolling","Change over 7 days"
"aissmtr_roll_mean_14","rolling","Rolling mean of predictor (window=14 days)"
"aissmtr_roll_sd_14","rolling","Rolling SD of predictor (window=14 days)"
"aissmtr_roll_max_14","rolling","Rolling max of predictor (window=14 days)"
"aissmtr_change_14","rolling","Change over 14 days"
"aissmtr_roll_mean_30","rolling","Rolling mean of predictor (window=30 days)"
"aissmtr_roll_sd_30","rolling","Rolling SD of predictor (window=30 days)"
"aissmtr_roll_max_30","rolling","Rolling max of predictor (window=30 days)"
"aissmtr_change_30","rolling","Change over 30 days"
"aissmtr.1_roll_mean_3","rolling","Rolling mean of predictor (window=3 days)"
"aissmtr.1_roll_sd_3","rolling","Rolling SD of predictor (window=3 days)"
"aissmtr.1_roll_max_3","rolling","Rolling max of predictor (window=3 days)"
"aissmtr.1_change_3","rolling","Change over 3 days"
"aissmtr.1_roll_mean_7","rolling","Rolling mean of predictor (window=7 days)"
"aissmtr.1_roll_sd_7","rolling","Rolling SD of predictor (window=7 days)"
"aissmtr.1_roll_max_7","rolling","Rolling max of predictor (window=7 days)"
"aissmtr.1_change_7","rolling","Change over 7 days"
"aissmtr.1_roll_mean_14","rolling","Rolling mean of predictor (window=14 days)"
"aissmtr.1_roll_sd_14","rolling","Rolling SD of predictor (window=14 days)"
"aissmtr.1_roll_max_14","rolling","Rolling max of predictor (window=14 days)"
"aissmtr.1_change_14","rolling","Change over 14 days"
"aissmtr.1_roll_mean_30","rolling","Rolling mean of predictor (window=30 days)"
"aissmtr.1_roll_sd_30","rolling","Rolling SD of predictor (window=30 days)"
"aissmtr.1_roll_max_30","rolling","Rolling max of predictor (window=30 days)"
"aissmtr.1_change_30","rolling","Change over 30 days"
"aisilm_roll_mean_3","rolling","Rolling mean of predictor (window=3 days)"
"aisilm_roll_sd_3","rolling","Rolling SD of predictor (window=3 days)"
"aisilm_roll_max_3","rolling","Rolling max of predictor (window=3 days)"
"aisilm_change_3","rolling","Change over 3 days"
"aisilm_roll_mean_7","rolling","Rolling mean of predictor (window=7 days)"
"aisilm_roll_sd_7","rolling","Rolling SD of predictor (window=7 days)"
"aisilm_roll_max_7","rolling","Rolling max of predictor (window=7 days)"
"aisilm_change_7","rolling","Change over 7 days"
"aisilm_roll_mean_14","rolling","Rolling mean of predictor (window=14 days)"
"aisilm_roll_sd_14","rolling","Rolling SD of predictor (window=14 days)"
"aisilm_roll_max_14","rolling","Rolling max of predictor (window=14 days)"
"aisilm_change_14","rolling","Change over 14 days"
"aisilm_roll_mean_30","rolling","Rolling mean of predictor (window=30 days)"
"aisilm_roll_sd_30","rolling","Rolling SD of predictor (window=30 days)"
"aisilm_roll_max_30","rolling","Rolling max of predictor (window=30 days)"
"aisilm_change_30","rolling","Change over 30 days"
"aisilm.1_roll_mean_3","rolling","Rolling mean of predictor (window=3 days)"
"aisilm.1_roll_sd_3","rolling","Rolling SD of predictor (window=3 days)"
"aisilm.1_roll_max_3","rolling","Rolling max of predictor (window=3 days)"
"aisilm.1_change_3","rolling","Change over 3 days"
"aisilm.1_roll_mean_7","rolling","Rolling mean of predictor (window=7 days)"
"aisilm.1_roll_sd_7","rolling","Rolling SD of predictor (window=7 days)"
"aisilm.1_roll_max_7","rolling","Rolling max of predictor (window=7 days)"
"aisilm.1_change_7","rolling","Change over 7 days"
"aisilm.1_roll_mean_14","rolling","Rolling mean of predictor (window=14 days)"
"aisilm.1_roll_sd_14","rolling","Rolling SD of predictor (window=14 days)"
"aisilm.1_roll_max_14","rolling","Rolling max of predictor (window=14 days)"
"aisilm.1_change_14","rolling","Change over 14 days"
"aisilm.1_roll_mean_30","rolling","Rolling mean of predictor (window=30 days)"
"aisilm.1_roll_sd_30","rolling","Rolling SD of predictor (window=30 days)"
"aisilm.1_roll_max_30","rolling","Rolling max of predictor (window=30 days)"
"aisilm.1_change_30","rolling","Change over 30 days"
"avhtsmtr_roll_mean_3","rolling","Rolling mean of predictor (window=3 days)"
"avhtsmtr_roll_sd_3","rolling","Rolling SD of predictor (window=3 days)"
"avhtsmtr_roll_max_3","rolling","Rolling max of predictor (window=3 days)"
"avhtsmtr_change_3","rolling","Change over 3 days"
"avhtsmtr_roll_mean_7","rolling","Rolling mean of predictor (window=7 days)"
"avhtsmtr_roll_sd_7","rolling","Rolling SD of predictor (window=7 days)"
"avhtsmtr_roll_max_7","rolling","Rolling max of predictor (window=7 days)"
"avhtsmtr_change_7","rolling","Change over 7 days"
"avhtsmtr_roll_mean_14","rolling","Rolling mean of predictor (window=14 days)"
"avhtsmtr_roll_sd_14","rolling","Rolling SD of predictor (window=14 days)"
"avhtsmtr_roll_max_14","rolling","Rolling max of predictor (window=14 days)"
"avhtsmtr_change_14","rolling","Change over 14 days"
"avhtsmtr_roll_mean_30","rolling","Rolling mean of predictor (window=30 days)"
"avhtsmtr_roll_sd_30","rolling","Rolling SD of predictor (window=30 days)"
"avhtsmtr_roll_max_30","rolling","Rolling max of predictor (window=30 days)"
"avhtsmtr_change_30","rolling","Change over 30 days"
"ahtilm_roll_mean_3","rolling","Rolling mean of predictor (window=3 days)"
"ahtilm_roll_sd_3","rolling","Rolling SD of predictor (window=3 days)"
"ahtilm_roll_max_3","rolling","Rolling max of predictor (window=3 days)"
"ahtilm_change_3","rolling","Change over 3 days"
"ahtilm_roll_mean_7","rolling","Rolling mean of predictor (window=7 days)"
"ahtilm_roll_sd_7","rolling","Rolling SD of predictor (window=7 days)"
"ahtilm_roll_max_7","rolling","Rolling max of predictor (window=7 days)"
"ahtilm_change_7","rolling","Change over 7 days"
"ahtilm_roll_mean_14","rolling","Rolling mean of predictor (window=14 days)"
"ahtilm_roll_sd_14","rolling","Rolling SD of predictor (window=14 days)"
"ahtilm_roll_max_14","rolling","Rolling max of predictor (window=14 days)"
"ahtilm_change_14","rolling","Change over 14 days"
"ahtilm_roll_mean_30","rolling","Rolling mean of predictor (window=30 days)"
"ahtilm_roll_sd_30","rolling","Rolling SD of predictor (window=30 days)"
"ahtilm_roll_max_30","rolling","Rolling max of predictor (window=30 days)"
"ahtilm_change_30","rolling","Change over 30 days"
"astasmtr_roll_mean_3","rolling","Rolling mean of predictor (window=3 days)"
"astasmtr_roll_sd_3","rolling","Rolling SD of predictor (window=3 days)"
"astasmtr_roll_max_3","rolling","Rolling max of predictor (window=3 days)"
"astasmtr_change_3","rolling","Change over 3 days"
"astasmtr_roll_mean_7","rolling","Rolling mean of predictor (window=7 days)"
"astasmtr_roll_sd_7","rolling","Rolling SD of predictor (window=7 days)"
"astasmtr_roll_max_7","rolling","Rolling max of predictor (window=7 days)"
"astasmtr_change_7","rolling","Change over 7 days"
"astasmtr_roll_mean_14","rolling","Rolling mean of predictor (window=14 days)"
"astasmtr_roll_sd_14","rolling","Rolling SD of predictor (window=14 days)"
"astasmtr_roll_max_14","rolling","Rolling max of predictor (window=14 days)"
"astasmtr_change_14","rolling","Change over 14 days"
"astasmtr_roll_mean_30","rolling","Rolling mean of predictor (window=30 days)"
"astasmtr_roll_sd_30","rolling","Rolling SD of predictor (window=30 days)"
"astasmtr_roll_max_30","rolling","Rolling max of predictor (window=30 days)"
"astasmtr_change_30","rolling","Change over 30 days"
"astailm_roll_mean_3","rolling","Rolling mean of predictor (window=3 days)"
"astailm_roll_sd_3","rolling","Rolling SD of predictor (window=3 days)"
"astailm_roll_max_3","rolling","Rolling max of predictor (window=3 days)"
"astailm_change_3","rolling","Change over 3 days"
"astailm_roll_mean_7","rolling","Rolling mean of predictor (window=7 days)"
"astailm_roll_sd_7","rolling","Rolling SD of predictor (window=7 days)"
"astailm_roll_max_7","rolling","Rolling max of predictor (window=7 days)"
"astailm_change_7","rolling","Change over 7 days"
"astailm_roll_mean_14","rolling","Rolling mean of predictor (window=14 days)"
"astailm_roll_sd_14","rolling","Rolling SD of predictor (window=14 days)"
"astailm_roll_max_14","rolling","Rolling max of predictor (window=14 days)"
"astailm_change_14","rolling","Change over 14 days"
"astailm_roll_mean_30","rolling","Rolling mean of predictor (window=30 days)"
"astailm_roll_sd_30","rolling","Rolling SD of predictor (window=30 days)"
"astailm_roll_max_30","rolling","Rolling max of predictor (window=30 days)"
"astailm_change_30","rolling","Change over 30 days"
"caatsmtr_roll_mean_3","rolling","Rolling mean of predictor (window=3 days)"
"caatsmtr_roll_sd_3","rolling","Rolling SD of predictor (window=3 days)"
"caatsmtr_roll_max_3","rolling","Rolling max of predictor (window=3 days)"
"caatsmtr_change_3","rolling","Change over 3 days"
"caatsmtr_roll_mean_7","rolling","Rolling mean of predictor (window=7 days)"
"caatsmtr_roll_sd_7","rolling","Rolling SD of predictor (window=7 days)"
"caatsmtr_roll_max_7","rolling","Rolling max of predictor (window=7 days)"
"caatsmtr_change_7","rolling","Change over 7 days"
"caatsmtr_roll_mean_14","rolling","Rolling mean of predictor (window=14 days)"
"caatsmtr_roll_sd_14","rolling","Rolling SD of predictor (window=14 days)"
"caatsmtr_roll_max_14","rolling","Rolling max of predictor (window=14 days)"
"caatsmtr_change_14","rolling","Change over 14 days"
"caatsmtr_roll_mean_30","rolling","Rolling mean of predictor (window=30 days)"
"caatsmtr_roll_sd_30","rolling","Rolling SD of predictor (window=30 days)"
"caatsmtr_roll_max_30","rolling","Rolling max of predictor (window=30 days)"
"caatsmtr_change_30","rolling","Change over 30 days"
"caatsmtr.1_roll_mean_3","rolling","Rolling mean of predictor (window=3 days)"
"caatsmtr.1_roll_sd_3","rolling","Rolling SD of predictor (window=3 days)"
"caatsmtr.1_roll_max_3","rolling","Rolling max of predictor (window=3 days)"
"caatsmtr.1_change_3","rolling","Change over 3 days"
"caatsmtr.1_roll_mean_7","rolling","Rolling mean of predictor (window=7 days)"
"caatsmtr.1_roll_sd_7","rolling","Rolling SD of predictor (window=7 days)"
"caatsmtr.1_roll_max_7","rolling","Rolling max of predictor (window=7 days)"
"caatsmtr.1_change_7","rolling","Change over 7 days"
"caatsmtr.1_roll_mean_14","rolling","Rolling mean of predictor (window=14 days)"
"caatsmtr.1_roll_sd_14","rolling","Rolling SD of predictor (window=14 days)"
"caatsmtr.1_roll_max_14","rolling","Rolling max of predictor (window=14 days)"
"caatsmtr.1_change_14","rolling","Change over 14 days"
"caatsmtr.1_roll_mean_30","rolling","Rolling mean of predictor (window=30 days)"
"caatsmtr.1_roll_sd_30","rolling","Rolling SD of predictor (window=30 days)"
"caatsmtr.1_roll_max_30","rolling","Rolling max of predictor (window=30 days)"
"caatsmtr.1_change_30","rolling","Change over 30 days"
"caatilm_roll_mean_3","rolling","Rolling mean of predictor (window=3 days)"
"caatilm_roll_sd_3","rolling","Rolling SD of predictor (window=3 days)"
"caatilm_roll_max_3","rolling","Rolling max of predictor (window=3 days)"
"caatilm_change_3","rolling","Change over 3 days"
"caatilm_roll_mean_7","rolling","Rolling mean of predictor (window=7 days)"
"caatilm_roll_sd_7","rolling","Rolling SD of predictor (window=7 days)"
"caatilm_roll_max_7","rolling","Rolling max of predictor (window=7 days)"
"caatilm_change_7","rolling","Change over 7 days"
"caatilm_roll_mean_14","rolling","Rolling mean of predictor (window=14 days)"
"caatilm_roll_sd_14","rolling","Rolling SD of predictor (window=14 days)"
"caatilm_roll_max_14","rolling","Rolling max of predictor (window=14 days)"
"caatilm_change_14","rolling","Change over 14 days"
"caatilm_roll_mean_30","rolling","Rolling mean of predictor (window=30 days)"
"caatilm_roll_sd_30","rolling","Rolling SD of predictor (window=30 days)"
"caatilm_roll_max_30","rolling","Rolling max of predictor (window=30 days)"
"caatilm_change_30","rolling","Change over 30 days"
"caatilm.1_roll_mean_3","rolling","Rolling mean of predictor (window=3 days)"
"caatilm.1_roll_sd_3","rolling","Rolling SD of predictor (window=3 days)"
"caatilm.1_roll_max_3","rolling","Rolling max of predictor (window=3 days)"
"caatilm.1_change_3","rolling","Change over 3 days"
"caatilm.1_roll_mean_7","rolling","Rolling mean of predictor (window=7 days)"
"caatilm.1_roll_sd_7","rolling","Rolling SD of predictor (window=7 days)"
"caatilm.1_roll_max_7","rolling","Rolling max of predictor (window=7 days)"
"caatilm.1_change_7","rolling","Change over 7 days"
"caatilm.1_roll_mean_14","rolling","Rolling mean of predictor (window=14 days)"
"caatilm.1_roll_sd_14","rolling","Rolling SD of predictor (window=14 days)"
"caatilm.1_roll_max_14","rolling","Rolling max of predictor (window=14 days)"
"caatilm.1_change_14","rolling","Change over 14 days"
"caatilm.1_roll_mean_30","rolling","Rolling mean of predictor (window=30 days)"
"caatilm.1_roll_sd_30","rolling","Rolling SD of predictor (window=30 days)"
"caatilm.1_roll_max_30","rolling","Rolling max of predictor (window=30 days)"
"caatilm.1_change_30","rolling","Change over 30 days"
"cabtsmtr_roll_mean_3","rolling","Rolling mean of predictor (window=3 days)"
"cabtsmtr_roll_sd_3","rolling","Rolling SD of predictor (window=3 days)"
"cabtsmtr_roll_max_3","rolling","Rolling max of predictor (window=3 days)"
"cabtsmtr_change_3","rolling","Change over 3 days"
"cabtsmtr_roll_mean_7","rolling","Rolling mean of predictor (window=7 days)"
"cabtsmtr_roll_sd_7","rolling","Rolling SD of predictor (window=7 days)"
"cabtsmtr_roll_max_7","rolling","Rolling max of predictor (window=7 days)"
"cabtsmtr_change_7","rolling","Change over 7 days"
"cabtsmtr_roll_mean_14","rolling","Rolling mean of predictor (window=14 days)"
"cabtsmtr_roll_sd_14","rolling","Rolling SD of predictor (window=14 days)"
"cabtsmtr_roll_max_14","rolling","Rolling max of predictor (window=14 days)"
"cabtsmtr_change_14","rolling","Change over 14 days"
"cabtsmtr_roll_mean_30","rolling","Rolling mean of predictor (window=30 days)"
"cabtsmtr_roll_sd_30","rolling","Rolling SD of predictor (window=30 days)"
"cabtsmtr_roll_max_30","rolling","Rolling max of predictor (window=30 days)"
"cabtsmtr_change_30","rolling","Change over 30 days"
"cabtilm_roll_mean_3","rolling","Rolling mean of predictor (window=3 days)"
"cabtilm_roll_sd_3","rolling","Rolling SD of predictor (window=3 days)"
"cabtilm_roll_max_3","rolling","Rolling max of predictor (window=3 days)"
"cabtilm_change_3","rolling","Change over 3 days"
"cabtilm_roll_mean_7","rolling","Rolling mean of predictor (window=7 days)"
"cabtilm_roll_sd_7","rolling","Rolling SD of predictor (window=7 days)"
"cabtilm_roll_max_7","rolling","Rolling max of predictor (window=7 days)"
"cabtilm_change_7","rolling","Change over 7 days"
"cabtilm_roll_mean_14","rolling","Rolling mean of predictor (window=14 days)"
"cabtilm_roll_sd_14","rolling","Rolling SD of predictor (window=14 days)"
"cabtilm_roll_max_14","rolling","Rolling max of predictor (window=14 days)"
"cabtilm_change_14","rolling","Change over 14 days"
"cabtilm_roll_mean_30","rolling","Rolling mean of predictor (window=30 days)"
"cabtilm_roll_sd_30","rolling","Rolling SD of predictor (window=30 days)"
"cabtilm_roll_max_30","rolling","Rolling max of predictor (window=30 days)"
"cabtilm_change_30","rolling","Change over 30 days"
"cllasmtr_roll_mean_3","rolling","Rolling mean of predictor (window=3 days)"
"cllasmtr_roll_sd_3","rolling","Rolling SD of predictor (window=3 days)"
"cllasmtr_roll_max_3","rolling","Rolling max of predictor (window=3 days)"
"cllasmtr_change_3","rolling","Change over 3 days"
"cllasmtr_roll_mean_7","rolling","Rolling mean of predictor (window=7 days)"
"cllasmtr_roll_sd_7","rolling","Rolling SD of predictor (window=7 days)"
"cllasmtr_roll_max_7","rolling","Rolling max of predictor (window=7 days)"
"cllasmtr_change_7","rolling","Change over 7 days"
"cllasmtr_roll_mean_14","rolling","Rolling mean of predictor (window=14 days)"
"cllasmtr_roll_sd_14","rolling","Rolling SD of predictor (window=14 days)"
"cllasmtr_roll_max_14","rolling","Rolling max of predictor (window=14 days)"
"cllasmtr_change_14","rolling","Change over 14 days"
"cllasmtr_roll_mean_30","rolling","Rolling mean of predictor (window=30 days)"
"cllasmtr_roll_sd_30","rolling","Rolling SD of predictor (window=30 days)"
"cllasmtr_roll_max_30","rolling","Rolling max of predictor (window=30 days)"
"cllasmtr_change_30","rolling","Change over 30 days"
"clailm_roll_mean_3","rolling","Rolling mean of predictor (window=3 days)"
"clailm_roll_sd_3","rolling","Rolling SD of predictor (window=3 days)"
"clailm_roll_max_3","rolling","Rolling max of predictor (window=3 days)"
"clailm_change_3","rolling","Change over 3 days"
"clailm_roll_mean_7","rolling","Rolling mean of predictor (window=7 days)"
"clailm_roll_sd_7","rolling","Rolling SD of predictor (window=7 days)"
"clailm_roll_max_7","rolling","Rolling max of predictor (window=7 days)"
"clailm_change_7","rolling","Change over 7 days"
"clailm_roll_mean_14","rolling","Rolling mean of predictor (window=14 days)"
"clailm_roll_sd_14","rolling","Rolling SD of predictor (window=14 days)"
"clailm_roll_max_14","rolling","Rolling max of predictor (window=14 days)"
"clailm_change_14","rolling","Change over 14 days"
"clailm_roll_mean_30","rolling","Rolling mean of predictor (window=30 days)"
"clailm_roll_sd_30","rolling","Rolling SD of predictor (window=30 days)"
"clailm_roll_max_30","rolling","Rolling max of predictor (window=30 days)"
"clailm_change_30","rolling","Change over 30 days"
"cllosmtr_roll_mean_3","rolling","Rolling mean of predictor (window=3 days)"
"cllosmtr_roll_sd_3","rolling","Rolling SD of predictor (window=3 days)"
"cllosmtr_roll_max_3","rolling","Rolling max of predictor (window=3 days)"
"cllosmtr_change_3","rolling","Change over 3 days"
"cllosmtr_roll_mean_7","rolling","Rolling mean of predictor (window=7 days)"
"cllosmtr_roll_sd_7","rolling","Rolling SD of predictor (window=7 days)"
"cllosmtr_roll_max_7","rolling","Rolling max of predictor (window=7 days)"
"cllosmtr_change_7","rolling","Change over 7 days"
"cllosmtr_roll_mean_14","rolling","Rolling mean of predictor (window=14 days)"
"cllosmtr_roll_sd_14","rolling","Rolling SD of predictor (window=14 days)"
"cllosmtr_roll_max_14","rolling","Rolling max of predictor (window=14 days)"
"cllosmtr_change_14","rolling","Change over 14 days"
"cllosmtr_roll_mean_30","rolling","Rolling mean of predictor (window=30 days)"
"cllosmtr_roll_sd_30","rolling","Rolling SD of predictor (window=30 days)"
"cllosmtr_roll_max_30","rolling","Rolling max of predictor (window=30 days)"
"cllosmtr_change_30","rolling","Change over 30 days"
"cloilm_roll_mean_3","rolling","Rolling mean of predictor (window=3 days)"
"cloilm_roll_sd_3","rolling","Rolling SD of predictor (window=3 days)"
"cloilm_roll_max_3","rolling","Rolling max of predictor (window=3 days)"
"cloilm_change_3","rolling","Change over 3 days"
"cloilm_roll_mean_7","rolling","Rolling mean of predictor (window=7 days)"
"cloilm_roll_sd_7","rolling","Rolling SD of predictor (window=7 days)"
"cloilm_roll_max_7","rolling","Rolling max of predictor (window=7 days)"
"cloilm_change_7","rolling","Change over 7 days"
"cloilm_roll_mean_14","rolling","Rolling mean of predictor (window=14 days)"
"cloilm_roll_sd_14","rolling","Rolling SD of predictor (window=14 days)"
"cloilm_roll_max_14","rolling","Rolling max of predictor (window=14 days)"
"cloilm_change_14","rolling","Change over 14 days"
"cloilm_roll_mean_30","rolling","Rolling mean of predictor (window=30 days)"
"cloilm_roll_sd_30","rolling","Rolling SD of predictor (window=30 days)"
"cloilm_roll_max_30","rolling","Rolling max of predictor (window=30 days)"
"cloilm_change_30","rolling","Change over 30 days"
"lngwsmtr_roll_mean_3","rolling","Rolling mean of predictor (window=3 days)"
"lngwsmtr_roll_sd_3","rolling","Rolling SD of predictor (window=3 days)"
"lngwsmtr_roll_max_3","rolling","Rolling max of predictor (window=3 days)"
"lngwsmtr_change_3","rolling","Change over 3 days"
"lngwsmtr_roll_mean_7","rolling","Rolling mean of predictor (window=7 days)"
"lngwsmtr_roll_sd_7","rolling","Rolling SD of predictor (window=7 days)"
"lngwsmtr_roll_max_7","rolling","Rolling max of predictor (window=7 days)"
"lngwsmtr_change_7","rolling","Change over 7 days"
"lngwsmtr_roll_mean_14","rolling","Rolling mean of predictor (window=14 days)"
"lngwsmtr_roll_sd_14","rolling","Rolling SD of predictor (window=14 days)"
"lngwsmtr_roll_max_14","rolling","Rolling max of predictor (window=14 days)"
"lngwsmtr_change_14","rolling","Change over 14 days"
"lngwsmtr_roll_mean_30","rolling","Rolling mean of predictor (window=30 days)"
"lngwsmtr_roll_sd_30","rolling","Rolling SD of predictor (window=30 days)"
"lngwsmtr_roll_max_30","rolling","Rolling max of predictor (window=30 days)"
"lngwsmtr_change_30","rolling","Change over 30 days"
"lnwilm_roll_mean_3","rolling","Rolling mean of predictor (window=3 days)"
"lnwilm_roll_sd_3","rolling","Rolling SD of predictor (window=3 days)"
"lnwilm_roll_max_3","rolling","Rolling max of predictor (window=3 days)"
"lnwilm_change_3","rolling","Change over 3 days"
"lnwilm_roll_mean_7","rolling","Rolling mean of predictor (window=7 days)"
"lnwilm_roll_sd_7","rolling","Rolling SD of predictor (window=7 days)"
"lnwilm_roll_max_7","rolling","Rolling max of predictor (window=7 days)"
"lnwilm_change_7","rolling","Change over 7 days"
"lnwilm_roll_mean_14","rolling","Rolling mean of predictor (window=14 days)"
"lnwilm_roll_sd_14","rolling","Rolling SD of predictor (window=14 days)"
"lnwilm_roll_max_14","rolling","Rolling max of predictor (window=14 days)"
"lnwilm_change_14","rolling","Change over 14 days"
"lnwilm_roll_mean_30","rolling","Rolling mean of predictor (window=30 days)"
"lnwilm_roll_sd_30","rolling","Rolling SD of predictor (window=30 days)"
"lnwilm_roll_max_30","rolling","Rolling max of predictor (window=30 days)"
"lnwilm_change_30","rolling","Change over 30 days"
"pnctr_roll_mean_3","rolling","Rolling mean of predictor (window=3 days)"
"pnctr_roll_sd_3","rolling","Rolling SD of predictor (window=3 days)"
"pnctr_roll_max_3","rolling","Rolling max of predictor (window=3 days)"
"pnctr_change_3","rolling","Change over 3 days"
"pnctr_roll_mean_7","rolling","Rolling mean of predictor (window=7 days)"
"pnctr_roll_sd_7","rolling","Rolling SD of predictor (window=7 days)"
"pnctr_roll_max_7","rolling","Rolling max of predictor (window=7 days)"
"pnctr_change_7","rolling","Change over 7 days"
"pnctr_roll_mean_14","rolling","Rolling mean of predictor (window=14 days)"
"pnctr_roll_sd_14","rolling","Rolling SD of predictor (window=14 days)"
"pnctr_roll_max_14","rolling","Rolling max of predictor (window=14 days)"
"pnctr_change_14","rolling","Change over 14 days"
"pnctr_roll_mean_30","rolling","Rolling mean of predictor (window=30 days)"
"pnctr_roll_sd_30","rolling","Rolling SD of predictor (window=30 days)"
"pnctr_roll_max_30","rolling","Rolling max of predictor (window=30 days)"
"pnctr_change_30","rolling","Change over 30 days"
"bripncb_roll_mean_3","rolling","Rolling mean of predictor (window=3 days)"
"bripncb_roll_sd_3","rolling","Rolling SD of predictor (window=3 days)"
"bripncb_roll_max_3","rolling","Rolling max of predictor (window=3 days)"
"bripncb_change_3","rolling","Change over 3 days"
"bripncb_roll_mean_7","rolling","Rolling mean of predictor (window=7 days)"
"bripncb_roll_sd_7","rolling","Rolling SD of predictor (window=7 days)"
"bripncb_roll_max_7","rolling","Rolling max of predictor (window=7 days)"
"bripncb_change_7","rolling","Change over 7 days"
"bripncb_roll_mean_14","rolling","Rolling mean of predictor (window=14 days)"
"bripncb_roll_sd_14","rolling","Rolling SD of predictor (window=14 days)"
"bripncb_roll_max_14","rolling","Rolling max of predictor (window=14 days)"
"bripncb_change_14","rolling","Change over 14 days"
"bripncb_roll_mean_30","rolling","Rolling mean of predictor (window=30 days)"
"bripncb_roll_sd_30","rolling","Rolling SD of predictor (window=30 days)"
"bripncb_roll_max_30","rolling","Rolling max of predictor (window=30 days)"
"bripncb_change_30","rolling","Change over 30 days"
"nbtpncb_roll_mean_3","rolling","Rolling mean of predictor (window=3 days)"
"nbtpncb_roll_sd_3","rolling","Rolling SD of predictor (window=3 days)"
"nbtpncb_roll_max_3","rolling","Rolling max of predictor (window=3 days)"
"nbtpncb_change_3","rolling","Change over 3 days"
"nbtpncb_roll_mean_7","rolling","Rolling mean of predictor (window=7 days)"
"nbtpncb_roll_sd_7","rolling","Rolling SD of predictor (window=7 days)"
"nbtpncb_roll_max_7","rolling","Rolling max of predictor (window=7 days)"
"nbtpncb_change_7","rolling","Change over 7 days"
"nbtpncb_roll_mean_14","rolling","Rolling mean of predictor (window=14 days)"
"nbtpncb_roll_sd_14","rolling","Rolling SD of predictor (window=14 days)"
"nbtpncb_roll_max_14","rolling","Rolling max of predictor (window=14 days)"
"nbtpncb_change_14","rolling","Change over 14 days"
"nbtpncb_roll_mean_30","rolling","Rolling mean of predictor (window=30 days)"
"nbtpncb_roll_sd_30","rolling","Rolling SD of predictor (window=30 days)"
"nbtpncb_roll_max_30","rolling","Rolling max of predictor (window=30 days)"
"nbtpncb_change_30","rolling","Change over 30 days"
"bripncb.1_roll_mean_3","rolling","Rolling mean of predictor (window=3 days)"
"bripncb.1_roll_sd_3","rolling","Rolling SD of predictor (window=3 days)"
"bripncb.1_roll_max_3","rolling","Rolling max of predictor (window=3 days)"
"bripncb.1_change_3","rolling","Change over 3 days"
"bripncb.1_roll_mean_7","rolling","Rolling mean of predictor (window=7 days)"
"bripncb.1_roll_sd_7","rolling","Rolling SD of predictor (window=7 days)"
"bripncb.1_roll_max_7","rolling","Rolling max of predictor (window=7 days)"
"bripncb.1_change_7","rolling","Change over 7 days"
"bripncb.1_roll_mean_14","rolling","Rolling mean of predictor (window=14 days)"
"bripncb.1_roll_sd_14","rolling","Rolling SD of predictor (window=14 days)"
"bripncb.1_roll_max_14","rolling","Rolling max of predictor (window=14 days)"
"bripncb.1_change_14","rolling","Change over 14 days"
"bripncb.1_roll_mean_30","rolling","Rolling mean of predictor (window=30 days)"
"bripncb.1_roll_sd_30","rolling","Rolling SD of predictor (window=30 days)"
"bripncb.1_roll_max_30","rolling","Rolling max of predictor (window=30 days)"
"bripncb.1_change_30","rolling","Change over 30 days"
"pasnu_roll_mean_3","rolling","Rolling mean of predictor (window=3 days)"
"pasnu_roll_sd_3","rolling","Rolling SD of predictor (window=3 days)"
"pasnu_roll_max_3","rolling","Rolling max of predictor (window=3 days)"
"pasnu_change_3","rolling","Change over 3 days"
"pasnu_roll_mean_7","rolling","Rolling mean of predictor (window=7 days)"
"pasnu_roll_sd_7","rolling","Rolling SD of predictor (window=7 days)"
"pasnu_roll_max_7","rolling","Rolling max of predictor (window=7 days)"
"pasnu_change_7","rolling","Change over 7 days"
"pasnu_roll_mean_14","rolling","Rolling mean of predictor (window=14 days)"
"pasnu_roll_sd_14","rolling","Rolling SD of predictor (window=14 days)"
"pasnu_roll_max_14","rolling","Rolling max of predictor (window=14 days)"
"pasnu_change_14","rolling","Change over 14 days"
"pasnu_roll_mean_30","rolling","Rolling mean of predictor (window=30 days)"
"pasnu_roll_sd_30","rolling","Rolling SD of predictor (window=30 days)"
"pasnu_roll_max_30","rolling","Rolling max of predictor (window=30 days)"
"pasnu_change_30","rolling","Change over 30 days"
"pawlu_roll_mean_3","rolling","Rolling mean of predictor (window=3 days)"
"pawlu_roll_sd_3","rolling","Rolling SD of predictor (window=3 days)"
"pawlu_roll_max_3","rolling","Rolling max of predictor (window=3 days)"
"pawlu_change_3","rolling","Change over 3 days"
"pawlu_roll_mean_7","rolling","Rolling mean of predictor (window=7 days)"
"pawlu_roll_sd_7","rolling","Rolling SD of predictor (window=7 days)"
"pawlu_roll_max_7","rolling","Rolling max of predictor (window=7 days)"
"pawlu_change_7","rolling","Change over 7 days"
"pawlu_roll_mean_14","rolling","Rolling mean of predictor (window=14 days)"
"pawlu_roll_sd_14","rolling","Rolling SD of predictor (window=14 days)"
"pawlu_roll_max_14","rolling","Rolling max of predictor (window=14 days)"
"pawlu_change_14","rolling","Change over 14 days"
"pawlu_roll_mean_30","rolling","Rolling mean of predictor (window=30 days)"
"pawlu_roll_sd_30","rolling","Rolling SD of predictor (window=30 days)"
"pawlu_roll_max_30","rolling","Rolling max of predictor (window=30 days)"
"pawlu_change_30","rolling","Change over 30 days"
"prfrrly_roll_mean_3","rolling","Rolling mean of predictor (window=3 days)"
"prfrrly_roll_sd_3","rolling","Rolling SD of predictor (window=3 days)"
"prfrrly_roll_max_3","rolling","Rolling max of predictor (window=3 days)"
"prfrrly_change_3","rolling","Change over 3 days"
"prfrrly_roll_mean_7","rolling","Rolling mean of predictor (window=7 days)"
"prfrrly_roll_sd_7","rolling","Rolling SD of predictor (window=7 days)"
"prfrrly_roll_max_7","rolling","Rolling max of predictor (window=7 days)"
"prfrrly_change_7","rolling","Change over 7 days"
"prfrrly_roll_mean_14","rolling","Rolling mean of predictor (window=14 days)"
"prfrrly_roll_sd_14","rolling","Rolling SD of predictor (window=14 days)"
"prfrrly_roll_max_14","rolling","Rolling max of predictor (window=14 days)"
"prfrrly_change_14","rolling","Change over 14 days"
"prfrrly_roll_mean_30","rolling","Rolling mean of predictor (window=30 days)"
"prfrrly_roll_sd_30","rolling","Rolling SD of predictor (window=30 days)"
"prfrrly_roll_max_30","rolling","Rolling max of predictor (window=30 days)"
"prfrrly_change_30","rolling","Change over 30 days"
"psltsbt_roll_mean_3","rolling","Rolling mean of predictor (window=3 days)"
"psltsbt_roll_sd_3","rolling","Rolling SD of predictor (window=3 days)"
"psltsbt_roll_max_3","rolling","Rolling max of predictor (window=3 days)"
"psltsbt_change_3","rolling","Change over 3 days"
"psltsbt_roll_mean_7","rolling","Rolling mean of predictor (window=7 days)"
"psltsbt_roll_sd_7","rolling","Rolling SD of predictor (window=7 days)"
"psltsbt_roll_max_7","rolling","Rolling max of predictor (window=7 days)"
"psltsbt_change_7","rolling","Change over 7 days"
"psltsbt_roll_mean_14","rolling","Rolling mean of predictor (window=14 days)"
"psltsbt_roll_sd_14","rolling","Rolling SD of predictor (window=14 days)"
"psltsbt_roll_max_14","rolling","Rolling max of predictor (window=14 days)"
"psltsbt_change_14","rolling","Change over 14 days"
"psltsbt_roll_mean_30","rolling","Rolling mean of predictor (window=30 days)"
"psltsbt_roll_sd_30","rolling","Rolling SD of predictor (window=30 days)"
"psltsbt_roll_max_30","rolling","Rolling max of predictor (window=30 days)"
"psltsbt_change_30","rolling","Change over 30 days"
"psltsuy_roll_mean_3","rolling","Rolling mean of predictor (window=3 days)"
"psltsuy_roll_sd_3","rolling","Rolling SD of predictor (window=3 days)"
"psltsuy_roll_max_3","rolling","Rolling max of predictor (window=3 days)"
"psltsuy_change_3","rolling","Change over 3 days"
"psltsuy_roll_mean_7","rolling","Rolling mean of predictor (window=7 days)"
"psltsuy_roll_sd_7","rolling","Rolling SD of predictor (window=7 days)"
"psltsuy_roll_max_7","rolling","Rolling max of predictor (window=7 days)"
"psltsuy_change_7","rolling","Change over 7 days"
"psltsuy_roll_mean_14","rolling","Rolling mean of predictor (window=14 days)"
"psltsuy_roll_sd_14","rolling","Rolling SD of predictor (window=14 days)"
"psltsuy_roll_max_14","rolling","Rolling max of predictor (window=14 days)"
"psltsuy_change_14","rolling","Change over 14 days"
"psltsuy_roll_mean_30","rolling","Rolling mean of predictor (window=30 days)"
"psltsuy_roll_sd_30","rolling","Rolling SD of predictor (window=30 days)"
"psltsuy_roll_max_30","rolling","Rolling max of predictor (window=30 days)"
"psltsuy_change_30","rolling","Change over 30 days"
"pabnu_roll_mean_3","rolling","Rolling mean of predictor (window=3 days)"
"pabnu_roll_sd_3","rolling","Rolling SD of predictor (window=3 days)"
"pabnu_roll_max_3","rolling","Rolling max of predictor (window=3 days)"
"pabnu_change_3","rolling","Change over 3 days"
"pabnu_roll_mean_7","rolling","Rolling mean of predictor (window=7 days)"
"pabnu_roll_sd_7","rolling","Rolling SD of predictor (window=7 days)"
"pabnu_roll_max_7","rolling","Rolling max of predictor (window=7 days)"
"pabnu_change_7","rolling","Change over 7 days"
"pabnu_roll_mean_14","rolling","Rolling mean of predictor (window=14 days)"
"pabnu_roll_sd_14","rolling","Rolling SD of predictor (window=14 days)"
"pabnu_roll_max_14","rolling","Rolling max of predictor (window=14 days)"
"pabnu_change_14","rolling","Change over 14 days"
"pabnu_roll_mean_30","rolling","Rolling mean of predictor (window=30 days)"
"pabnu_roll_sd_30","rolling","Rolling SD of predictor (window=30 days)"
"pabnu_roll_max_30","rolling","Rolling max of predictor (window=30 days)"
"pabnu_change_30","rolling","Change over 30 days"
"pawlu.1_roll_mean_3","rolling","Rolling mean of predictor (window=3 days)"
"pawlu.1_roll_sd_3","rolling","Rolling SD of predictor (window=3 days)"
"pawlu.1_roll_max_3","rolling","Rolling max of predictor (window=3 days)"
"pawlu.1_change_3","rolling","Change over 3 days"
"pawlu.1_roll_mean_7","rolling","Rolling mean of predictor (window=7 days)"
"pawlu.1_roll_sd_7","rolling","Rolling SD of predictor (window=7 days)"
"pawlu.1_roll_max_7","rolling","Rolling max of predictor (window=7 days)"
"pawlu.1_change_7","rolling","Change over 7 days"
"pawlu.1_roll_mean_14","rolling","Rolling mean of predictor (window=14 days)"
"pawlu.1_roll_sd_14","rolling","Rolling SD of predictor (window=14 days)"
"pawlu.1_roll_max_14","rolling","Rolling max of predictor (window=14 days)"
"pawlu.1_change_14","rolling","Change over 14 days"
"pawlu.1_roll_mean_30","rolling","Rolling mean of predictor (window=30 days)"
"pawlu.1_roll_sd_30","rolling","Rolling SD of predictor (window=30 days)"
"pawlu.1_roll_max_30","rolling","Rolling max of predictor (window=30 days)"
"pawlu.1_change_30","rolling","Change over 30 days"
"pbdsocc_roll_mean_3","rolling","Rolling mean of predictor (window=3 days)"
"pbdsocc_roll_sd_3","rolling","Rolling SD of predictor (window=3 days)"
"pbdsocc_roll_max_3","rolling","Rolling max of predictor (window=3 days)"
"pbdsocc_change_3","rolling","Change over 3 days"
"pbdsocc_roll_mean_7","rolling","Rolling mean of predictor (window=7 days)"
"pbdsocc_roll_sd_7","rolling","Rolling SD of predictor (window=7 days)"
"pbdsocc_roll_max_7","rolling","Rolling max of predictor (window=7 days)"
"pbdsocc_change_7","rolling","Change over 7 days"
"pbdsocc_roll_mean_14","rolling","Rolling mean of predictor (window=14 days)"
"pbdsocc_roll_sd_14","rolling","Rolling SD of predictor (window=14 days)"
"pbdsocc_roll_max_14","rolling","Rolling max of predictor (window=14 days)"
"pbdsocc_change_14","rolling","Change over 14 days"
"pbdsocc_roll_mean_30","rolling","Rolling mean of predictor (window=30 days)"
"pbdsocc_roll_sd_30","rolling","Rolling SD of predictor (window=30 days)"
"pbdsocc_roll_max_30","rolling","Rolling max of predictor (window=30 days)"
"pbdsocc_change_30","rolling","Change over 30 days"
"pptpfat_roll_mean_3","rolling","Rolling mean of predictor (window=3 days)"
"pptpfat_roll_sd_3","rolling","Rolling SD of predictor (window=3 days)"
"pptpfat_roll_max_3","rolling","Rolling max of predictor (window=3 days)"
"pptpfat_change_3","rolling","Change over 3 days"
"pptpfat_roll_mean_7","rolling","Rolling mean of predictor (window=7 days)"
"pptpfat_roll_sd_7","rolling","Rolling SD of predictor (window=7 days)"
"pptpfat_roll_max_7","rolling","Rolling max of predictor (window=7 days)"
"pptpfat_change_7","rolling","Change over 7 days"
"pptpfat_roll_mean_14","rolling","Rolling mean of predictor (window=14 days)"
"pptpfat_roll_sd_14","rolling","Rolling SD of predictor (window=14 days)"
"pptpfat_roll_max_14","rolling","Rolling max of predictor (window=14 days)"
"pptpfat_change_14","rolling","Change over 14 days"
"pptpfat_roll_mean_30","rolling","Rolling mean of predictor (window=30 days)"
"pptpfat_roll_sd_30","rolling","Rolling SD of predictor (window=30 days)"
"pptpfat_roll_max_30","rolling","Rolling max of predictor (window=30 days)"
"pptpfat_change_30","rolling","Change over 30 days"
"pabnu.1_roll_mean_3","rolling","Rolling mean of predictor (window=3 days)"
"pabnu.1_roll_sd_3","rolling","Rolling SD of predictor (window=3 days)"
"pabnu.1_roll_max_3","rolling","Rolling max of predictor (window=3 days)"
"pabnu.1_change_3","rolling","Change over 3 days"
"pabnu.1_roll_mean_7","rolling","Rolling mean of predictor (window=7 days)"
"pabnu.1_roll_sd_7","rolling","Rolling SD of predictor (window=7 days)"
"pabnu.1_roll_max_7","rolling","Rolling max of predictor (window=7 days)"
"pabnu.1_change_7","rolling","Change over 7 days"
"pabnu.1_roll_mean_14","rolling","Rolling mean of predictor (window=14 days)"
"pabnu.1_roll_sd_14","rolling","Rolling SD of predictor (window=14 days)"
"pabnu.1_roll_max_14","rolling","Rolling max of predictor (window=14 days)"
"pabnu.1_change_14","rolling","Change over 14 days"
"pabnu.1_roll_mean_30","rolling","Rolling mean of predictor (window=30 days)"
"pabnu.1_roll_sd_30","rolling","Rolling SD of predictor (window=30 days)"
"pabnu.1_roll_max_30","rolling","Rolling max of predictor (window=30 days)"
"pabnu.1_change_30","rolling","Change over 30 days"
"pawlu.2_roll_mean_3","rolling","Rolling mean of predictor (window=3 days)"
"pawlu.2_roll_sd_3","rolling","Rolling SD of predictor (window=3 days)"
"pawlu.2_roll_max_3","rolling","Rolling max of predictor (window=3 days)"
"pawlu.2_change_3","rolling","Change over 3 days"
"pawlu.2_roll_mean_7","rolling","Rolling mean of predictor (window=7 days)"
"pawlu.2_roll_sd_7","rolling","Rolling SD of predictor (window=7 days)"
"pawlu.2_roll_max_7","rolling","Rolling max of predictor (window=7 days)"
"pawlu.2_change_7","rolling","Change over 7 days"
"pawlu.2_roll_mean_14","rolling","Rolling mean of predictor (window=14 days)"
"pawlu.2_roll_sd_14","rolling","Rolling SD of predictor (window=14 days)"
"pawlu.2_roll_max_14","rolling","Rolling max of predictor (window=14 days)"
"pawlu.2_change_14","rolling","Change over 14 days"
"pawlu.2_roll_mean_30","rolling","Rolling mean of predictor (window=30 days)"
"pawlu.2_roll_sd_30","rolling","Rolling SD of predictor (window=30 days)"
"pawlu.2_roll_max_30","rolling","Rolling max of predictor (window=30 days)"
"pawlu.2_change_30","rolling","Change over 30 days"
"pbdsocc.1_roll_mean_3","rolling","Rolling mean of predictor (window=3 days)"
"pbdsocc.1_roll_sd_3","rolling","Rolling SD of predictor (window=3 days)"
"pbdsocc.1_roll_max_3","rolling","Rolling max of predictor (window=3 days)"
"pbdsocc.1_change_3","rolling","Change over 3 days"
"pbdsocc.1_roll_mean_7","rolling","Rolling mean of predictor (window=7 days)"
"pbdsocc.1_roll_sd_7","rolling","Rolling SD of predictor (window=7 days)"
"pbdsocc.1_roll_max_7","rolling","Rolling max of predictor (window=7 days)"
"pbdsocc.1_change_7","rolling","Change over 7 days"
"pbdsocc.1_roll_mean_14","rolling","Rolling mean of predictor (window=14 days)"
"pbdsocc.1_roll_sd_14","rolling","Rolling SD of predictor (window=14 days)"
"pbdsocc.1_roll_max_14","rolling","Rolling max of predictor (window=14 days)"
"pbdsocc.1_change_14","rolling","Change over 14 days"
"pbdsocc.1_roll_mean_30","rolling","Rolling mean of predictor (window=30 days)"
"pbdsocc.1_roll_sd_30","rolling","Rolling SD of predictor (window=30 days)"
"pbdsocc.1_roll_max_30","rolling","Rolling max of predictor (window=30 days)"
"pbdsocc.1_change_30","rolling","Change over 30 days"
"prfrrly.1_roll_mean_3","rolling","Rolling mean of predictor (window=3 days)"
"prfrrly.1_roll_sd_3","rolling","Rolling SD of predictor (window=3 days)"
"prfrrly.1_roll_max_3","rolling","Rolling max of predictor (window=3 days)"
"prfrrly.1_change_3","rolling","Change over 3 days"
"prfrrly.1_roll_mean_7","rolling","Rolling mean of predictor (window=7 days)"
"prfrrly.1_roll_sd_7","rolling","Rolling SD of predictor (window=7 days)"
"prfrrly.1_roll_max_7","rolling","Rolling max of predictor (window=7 days)"
"prfrrly.1_change_7","rolling","Change over 7 days"
"prfrrly.1_roll_mean_14","rolling","Rolling mean of predictor (window=14 days)"
"prfrrly.1_roll_sd_14","rolling","Rolling SD of predictor (window=14 days)"
"prfrrly.1_roll_max_14","rolling","Rolling max of predictor (window=14 days)"
"prfrrly.1_change_14","rolling","Change over 14 days"
"prfrrly.1_roll_mean_30","rolling","Rolling mean of predictor (window=30 days)"
"prfrrly.1_roll_sd_30","rolling","Rolling SD of predictor (window=30 days)"
"prfrrly.1_roll_max_30","rolling","Rolling max of predictor (window=30 days)"
"prfrrly.1_change_30","rolling","Change over 30 days"
"brinyo_roll_mean_3","rolling","Rolling mean of predictor (window=3 days)"
"brinyo_roll_sd_3","rolling","Rolling SD of predictor (window=3 days)"
"brinyo_roll_max_3","rolling","Rolling max of predictor (window=3 days)"
"brinyo_change_3","rolling","Change over 3 days"
"brinyo_roll_mean_7","rolling","Rolling mean of predictor (window=7 days)"
"brinyo_roll_sd_7","rolling","Rolling SD of predictor (window=7 days)"
"brinyo_roll_max_7","rolling","Rolling max of predictor (window=7 days)"
"brinyo_change_7","rolling","Change over 7 days"
"brinyo_roll_mean_14","rolling","Rolling mean of predictor (window=14 days)"
"brinyo_roll_sd_14","rolling","Rolling SD of predictor (window=14 days)"
"brinyo_roll_max_14","rolling","Rolling max of predictor (window=14 days)"
"brinyo_change_14","rolling","Change over 14 days"
"brinyo_roll_mean_30","rolling","Rolling mean of predictor (window=30 days)"
"brinyo_roll_sd_30","rolling","Rolling SD of predictor (window=30 days)"
"brinyo_roll_max_30","rolling","Rolling max of predictor (window=30 days)"
"brinyo_change_30","rolling","Change over 30 days"
"brinctrb_roll_mean_3","rolling","Rolling mean of predictor (window=3 days)"
"brinctrb_roll_sd_3","rolling","Rolling SD of predictor (window=3 days)"
"brinctrb_roll_max_3","rolling","Rolling max of predictor (window=3 days)"
"brinctrb_change_3","rolling","Change over 3 days"
"brinctrb_roll_mean_7","rolling","Rolling mean of predictor (window=7 days)"
"brinctrb_roll_sd_7","rolling","Rolling SD of predictor (window=7 days)"
"brinctrb_roll_max_7","rolling","Rolling max of predictor (window=7 days)"
"brinctrb_change_7","rolling","Change over 7 days"
"brinctrb_roll_mean_14","rolling","Rolling mean of predictor (window=14 days)"
"brinctrb_roll_sd_14","rolling","Rolling SD of predictor (window=14 days)"
"brinctrb_roll_max_14","rolling","Rolling max of predictor (window=14 days)"
"brinctrb_change_14","rolling","Change over 14 days"
"brinctrb_roll_mean_30","rolling","Rolling mean of predictor (window=30 days)"
"brinctrb_roll_sd_30","rolling","Rolling SD of predictor (window=30 days)"
"brinctrb_roll_max_30","rolling","Rolling max of predictor (window=30 days)"
"brinctrb_change_30","rolling","Change over 30 days"
"brinctrp_roll_mean_3","rolling","Rolling mean of predictor (window=3 days)"
"brinctrp_roll_sd_3","rolling","Rolling SD of predictor (window=3 days)"
"brinctrp_roll_max_3","rolling","Rolling max of predictor (window=3 days)"
"brinctrp_change_3","rolling","Change over 3 days"
"brinctrp_roll_mean_7","rolling","Rolling mean of predictor (window=7 days)"
"brinctrp_roll_sd_7","rolling","Rolling SD of predictor (window=7 days)"
"brinctrp_roll_max_7","rolling","Rolling max of predictor (window=7 days)"
"brinctrp_change_7","rolling","Change over 7 days"
"brinctrp_roll_mean_14","rolling","Rolling mean of predictor (window=14 days)"
"brinctrp_roll_sd_14","rolling","Rolling SD of predictor (window=14 days)"
"brinctrp_roll_max_14","rolling","Rolling max of predictor (window=14 days)"
"brinctrp_change_14","rolling","Change over 14 days"
"brinctrp_roll_mean_30","rolling","Rolling mean of predictor (window=30 days)"
"brinctrp_roll_sd_30","rolling","Rolling SD of predictor (window=30 days)"
"brinctrp_roll_max_30","rolling","Rolling max of predictor (window=30 days)"
"brinctrp_change_30","rolling","Change over 30 days"
"bripncp_roll_mean_3","rolling","Rolling mean of predictor (window=3 days)"
"bripncp_roll_sd_3","rolling","Rolling SD of predictor (window=3 days)"
"bripncp_roll_max_3","rolling","Rolling max of predictor (window=3 days)"
"bripncp_change_3","rolling","Change over 3 days"
"bripncp_roll_mean_7","rolling","Rolling mean of predictor (window=7 days)"
"bripncp_roll_sd_7","rolling","Rolling SD of predictor (window=7 days)"
"bripncp_roll_max_7","rolling","Rolling max of predictor (window=7 days)"
"bripncp_change_7","rolling","Change over 7 days"
"bripncp_roll_mean_14","rolling","Rolling mean of predictor (window=14 days)"
"bripncp_roll_sd_14","rolling","Rolling SD of predictor (window=14 days)"
"bripncp_roll_max_14","rolling","Rolling max of predictor (window=14 days)"
"bripncp_change_14","rolling","Change over 14 days"
"bripncp_roll_mean_30","rolling","Rolling mean of predictor (window=30 days)"
"bripncp_roll_sd_30","rolling","Rolling SD of predictor (window=30 days)"
"bripncp_roll_max_30","rolling","Rolling max of predictor (window=30 days)"
"bripncp_change_30","rolling","Change over 30 days"
"bripncp.1_roll_mean_3","rolling","Rolling mean of predictor (window=3 days)"
"bripncp.1_roll_sd_3","rolling","Rolling SD of predictor (window=3 days)"
"bripncp.1_roll_max_3","rolling","Rolling max of predictor (window=3 days)"
"bripncp.1_change_3","rolling","Change over 3 days"
"bripncp.1_roll_mean_7","rolling","Rolling mean of predictor (window=7 days)"
"bripncp.1_roll_sd_7","rolling","Rolling SD of predictor (window=7 days)"
"bripncp.1_roll_max_7","rolling","Rolling max of predictor (window=7 days)"
"bripncp.1_change_7","rolling","Change over 7 days"
"bripncp.1_roll_mean_14","rolling","Rolling mean of predictor (window=14 days)"
"bripncp.1_roll_sd_14","rolling","Rolling SD of predictor (window=14 days)"
"bripncp.1_roll_max_14","rolling","Rolling max of predictor (window=14 days)"
"bripncp.1_change_14","rolling","Change over 14 days"
"bripncp.1_roll_mean_30","rolling","Rolling mean of predictor (window=30 days)"
"bripncp.1_roll_sd_30","rolling","Rolling SD of predictor (window=30 days)"
"bripncp.1_roll_max_30","rolling","Rolling max of predictor (window=30 days)"
"bripncp.1_change_30","rolling","Change over 30 days"
"bripncb.2_roll_mean_3","rolling","Rolling mean of predictor (window=3 days)"
"bripncb.2_roll_sd_3","rolling","Rolling SD of predictor (window=3 days)"
"bripncb.2_roll_max_3","rolling","Rolling max of predictor (window=3 days)"
"bripncb.2_change_3","rolling","Change over 3 days"
"bripncb.2_roll_mean_7","rolling","Rolling mean of predictor (window=7 days)"
"bripncb.2_roll_sd_7","rolling","Rolling SD of predictor (window=7 days)"
"bripncb.2_roll_max_7","rolling","Rolling max of predictor (window=7 days)"
"bripncb.2_change_7","rolling","Change over 7 days"
"bripncb.2_roll_mean_14","rolling","Rolling mean of predictor (window=14 days)"
"bripncb.2_roll_sd_14","rolling","Rolling SD of predictor (window=14 days)"
"bripncb.2_roll_max_14","rolling","Rolling max of predictor (window=14 days)"
"bripncb.2_change_14","rolling","Change over 14 days"
"bripncb.2_roll_mean_30","rolling","Rolling mean of predictor (window=30 days)"
"bripncb.2_roll_sd_30","rolling","Rolling SD of predictor (window=30 days)"
"bripncb.2_roll_max_30","rolling","Rolling max of predictor (window=30 days)"
"bripncb.2_change_30","rolling","Change over 30 days"
"bripncp.2_roll_mean_3","rolling","Rolling mean of predictor (window=3 days)"
"bripncp.2_roll_sd_3","rolling","Rolling SD of predictor (window=3 days)"
"bripncp.2_roll_max_3","rolling","Rolling max of predictor (window=3 days)"
"bripncp.2_change_3","rolling","Change over 3 days"
"bripncp.2_roll_mean_7","rolling","Rolling mean of predictor (window=7 days)"
"bripncp.2_roll_sd_7","rolling","Rolling SD of predictor (window=7 days)"
"bripncp.2_roll_max_7","rolling","Rolling max of predictor (window=7 days)"
"bripncp.2_change_7","rolling","Change over 7 days"
"bripncp.2_roll_mean_14","rolling","Rolling mean of predictor (window=14 days)"
"bripncp.2_roll_sd_14","rolling","Rolling SD of predictor (window=14 days)"
"bripncp.2_roll_max_14","rolling","Rolling max of predictor (window=14 days)"
"bripncp.2_change_14","rolling","Change over 14 days"
"bripncp.2_roll_mean_30","rolling","Rolling mean of predictor (window=30 days)"
"bripncp.2_roll_sd_30","rolling","Rolling SD of predictor (window=30 days)"
"bripncp.2_roll_max_30","rolling","Rolling max of predictor (window=30 days)"
"bripncp.2_change_30","rolling","Change over 30 days"
"nbtnyo_roll_mean_3","rolling","Rolling mean of predictor (window=3 days)"
"nbtnyo_roll_sd_3","rolling","Rolling SD of predictor (window=3 days)"
"nbtnyo_roll_max_3","rolling","Rolling max of predictor (window=3 days)"
"nbtnyo_change_3","rolling","Change over 3 days"
"nbtnyo_roll_mean_7","rolling","Rolling mean of predictor (window=7 days)"
"nbtnyo_roll_sd_7","rolling","Rolling SD of predictor (window=7 days)"
"nbtnyo_roll_max_7","rolling","Rolling max of predictor (window=7 days)"
"nbtnyo_change_7","rolling","Change over 7 days"
"nbtnyo_roll_mean_14","rolling","Rolling mean of predictor (window=14 days)"
"nbtnyo_roll_sd_14","rolling","Rolling SD of predictor (window=14 days)"
"nbtnyo_roll_max_14","rolling","Rolling max of predictor (window=14 days)"
"nbtnyo_change_14","rolling","Change over 14 days"
"nbtnyo_roll_mean_30","rolling","Rolling mean of predictor (window=30 days)"
"nbtnyo_roll_sd_30","rolling","Rolling SD of predictor (window=30 days)"
"nbtnyo_roll_max_30","rolling","Rolling max of predictor (window=30 days)"
"nbtnyo_change_30","rolling","Change over 30 days"
"nbtnctrb_roll_mean_3","rolling","Rolling mean of predictor (window=3 days)"
"nbtnctrb_roll_sd_3","rolling","Rolling SD of predictor (window=3 days)"
"nbtnctrb_roll_max_3","rolling","Rolling max of predictor (window=3 days)"
"nbtnctrb_change_3","rolling","Change over 3 days"
"nbtnctrb_roll_mean_7","rolling","Rolling mean of predictor (window=7 days)"
"nbtnctrb_roll_sd_7","rolling","Rolling SD of predictor (window=7 days)"
"nbtnctrb_roll_max_7","rolling","Rolling max of predictor (window=7 days)"
"nbtnctrb_change_7","rolling","Change over 7 days"
"nbtnctrb_roll_mean_14","rolling","Rolling mean of predictor (window=14 days)"
"nbtnctrb_roll_sd_14","rolling","Rolling SD of predictor (window=14 days)"
"nbtnctrb_roll_max_14","rolling","Rolling max of predictor (window=14 days)"
"nbtnctrb_change_14","rolling","Change over 14 days"
"nbtnctrb_roll_mean_30","rolling","Rolling mean of predictor (window=30 days)"
"nbtnctrb_roll_sd_30","rolling","Rolling SD of predictor (window=30 days)"
"nbtnctrb_roll_max_30","rolling","Rolling max of predictor (window=30 days)"
"nbtnctrb_change_30","rolling","Change over 30 days"
"nbtnctrp_roll_mean_3","rolling","Rolling mean of predictor (window=3 days)"
"nbtnctrp_roll_sd_3","rolling","Rolling SD of predictor (window=3 days)"
"nbtnctrp_roll_max_3","rolling","Rolling max of predictor (window=3 days)"
"nbtnctrp_change_3","rolling","Change over 3 days"
"nbtnctrp_roll_mean_7","rolling","Rolling mean of predictor (window=7 days)"
"nbtnctrp_roll_sd_7","rolling","Rolling SD of predictor (window=7 days)"
"nbtnctrp_roll_max_7","rolling","Rolling max of predictor (window=7 days)"
"nbtnctrp_change_7","rolling","Change over 7 days"
"nbtnctrp_roll_mean_14","rolling","Rolling mean of predictor (window=14 days)"
"nbtnctrp_roll_sd_14","rolling","Rolling SD of predictor (window=14 days)"
"nbtnctrp_roll_max_14","rolling","Rolling max of predictor (window=14 days)"
"nbtnctrp_change_14","rolling","Change over 14 days"
"nbtnctrp_roll_mean_30","rolling","Rolling mean of predictor (window=30 days)"
"nbtnctrp_roll_sd_30","rolling","Rolling SD of predictor (window=30 days)"
"nbtnctrp_roll_max_30","rolling","Rolling max of predictor (window=30 days)"
"nbtnctrp_change_30","rolling","Change over 30 days"
"nbtpncp_roll_mean_3","rolling","Rolling mean of predictor (window=3 days)"
"nbtpncp_roll_sd_3","rolling","Rolling SD of predictor (window=3 days)"
"nbtpncp_roll_max_3","rolling","Rolling max of predictor (window=3 days)"
"nbtpncp_change_3","rolling","Change over 3 days"
"nbtpncp_roll_mean_7","rolling","Rolling mean of predictor (window=7 days)"
"nbtpncp_roll_sd_7","rolling","Rolling SD of predictor (window=7 days)"
"nbtpncp_roll_max_7","rolling","Rolling max of predictor (window=7 days)"
"nbtpncp_change_7","rolling","Change over 7 days"
"nbtpncp_roll_mean_14","rolling","Rolling mean of predictor (window=14 days)"
"nbtpncp_roll_sd_14","rolling","Rolling SD of predictor (window=14 days)"
"nbtpncp_roll_max_14","rolling","Rolling max of predictor (window=14 days)"
"nbtpncp_change_14","rolling","Change over 14 days"
"nbtpncp_roll_mean_30","rolling","Rolling mean of predictor (window=30 days)"
"nbtpncp_roll_sd_30","rolling","Rolling SD of predictor (window=30 days)"
"nbtpncp_roll_max_30","rolling","Rolling max of predictor (window=30 days)"
"nbtpncp_change_30","rolling","Change over 30 days"
"nbtpncb.1_roll_mean_3","rolling","Rolling mean of predictor (window=3 days)"
"nbtpncb.1_roll_sd_3","rolling","Rolling SD of predictor (window=3 days)"
"nbtpncb.1_roll_max_3","rolling","Rolling max of predictor (window=3 days)"
"nbtpncb.1_change_3","rolling","Change over 3 days"
"nbtpncb.1_roll_mean_7","rolling","Rolling mean of predictor (window=7 days)"
"nbtpncb.1_roll_sd_7","rolling","Rolling SD of predictor (window=7 days)"
"nbtpncb.1_roll_max_7","rolling","Rolling max of predictor (window=7 days)"
"nbtpncb.1_change_7","rolling","Change over 7 days"
"nbtpncb.1_roll_mean_14","rolling","Rolling mean of predictor (window=14 days)"
"nbtpncb.1_roll_sd_14","rolling","Rolling SD of predictor (window=14 days)"
"nbtpncb.1_roll_max_14","rolling","Rolling max of predictor (window=14 days)"
"nbtpncb.1_change_14","rolling","Change over 14 days"
"nbtpncb.1_roll_mean_30","rolling","Rolling mean of predictor (window=30 days)"
"nbtpncb.1_roll_sd_30","rolling","Rolling SD of predictor (window=30 days)"
"nbtpncb.1_roll_max_30","rolling","Rolling max of predictor (window=30 days)"
"nbtpncb.1_change_30","rolling","Change over 30 days"
"nbtpncp.1_roll_mean_3","rolling","Rolling mean of predictor (window=3 days)"
"nbtpncp.1_roll_sd_3","rolling","Rolling SD of predictor (window=3 days)"
"nbtpncp.1_roll_max_3","rolling","Rolling max of predictor (window=3 days)"
"nbtpncp.1_change_3","rolling","Change over 3 days"
"nbtpncp.1_roll_mean_7","rolling","Rolling mean of predictor (window=7 days)"
"nbtpncp.1_roll_sd_7","rolling","Rolling SD of predictor (window=7 days)"
"nbtpncp.1_roll_max_7","rolling","Rolling max of predictor (window=7 days)"
"nbtpncp.1_change_7","rolling","Change over 7 days"
"nbtpncp.1_roll_mean_14","rolling","Rolling mean of predictor (window=14 days)"
"nbtpncp.1_roll_sd_14","rolling","Rolling SD of predictor (window=14 days)"
"nbtpncp.1_roll_max_14","rolling","Rolling max of predictor (window=14 days)"
"nbtpncp.1_change_14","rolling","Change over 14 days"
"nbtpncp.1_roll_mean_30","rolling","Rolling mean of predictor (window=30 days)"
"nbtpncp.1_roll_sd_30","rolling","Rolling SD of predictor (window=30 days)"
"nbtpncp.1_roll_max_30","rolling","Rolling max of predictor (window=30 days)"
"nbtpncp.1_change_30","rolling","Change over 30 days"
"nbtpncb.2_roll_mean_3","rolling","Rolling mean of predictor (window=3 days)"
"nbtpncb.2_roll_sd_3","rolling","Rolling SD of predictor (window=3 days)"
"nbtpncb.2_roll_max_3","rolling","Rolling max of predictor (window=3 days)"
"nbtpncb.2_change_3","rolling","Change over 3 days"
"nbtpncb.2_roll_mean_7","rolling","Rolling mean of predictor (window=7 days)"
"nbtpncb.2_roll_sd_7","rolling","Rolling SD of predictor (window=7 days)"
"nbtpncb.2_roll_max_7","rolling","Rolling max of predictor (window=7 days)"
"nbtpncb.2_change_7","rolling","Change over 7 days"
"nbtpncb.2_roll_mean_14","rolling","Rolling mean of predictor (window=14 days)"
"nbtpncb.2_roll_sd_14","rolling","Rolling SD of predictor (window=14 days)"
"nbtpncb.2_roll_max_14","rolling","Rolling max of predictor (window=14 days)"
"nbtpncb.2_change_14","rolling","Change over 14 days"
"nbtpncb.2_roll_mean_30","rolling","Rolling mean of predictor (window=30 days)"
"nbtpncb.2_roll_sd_30","rolling","Rolling SD of predictor (window=30 days)"
"nbtpncb.2_roll_max_30","rolling","Rolling max of predictor (window=30 days)"
"nbtpncb.2_change_30","rolling","Change over 30 days"
"nbtpncp.2_roll_mean_3","rolling","Rolling mean of predictor (window=3 days)"
"nbtpncp.2_roll_sd_3","rolling","Rolling SD of predictor (window=3 days)"
"nbtpncp.2_roll_max_3","rolling","Rolling max of predictor (window=3 days)"
"nbtpncp.2_change_3","rolling","Change over 3 days"
"nbtpncp.2_roll_mean_7","rolling","Rolling mean of predictor (window=7 days)"
"nbtpncp.2_roll_sd_7","rolling","Rolling SD of predictor (window=7 days)"
"nbtpncp.2_roll_max_7","rolling","Rolling max of predictor (window=7 days)"
"nbtpncp.2_change_7","rolling","Change over 7 days"
"nbtpncp.2_roll_mean_14","rolling","Rolling mean of predictor (window=14 days)"
"nbtpncp.2_roll_sd_14","rolling","Rolling SD of predictor (window=14 days)"
"nbtpncp.2_roll_max_14","rolling","Rolling max of predictor (window=14 days)"
"nbtpncp.2_change_14","rolling","Change over 14 days"
"nbtpncp.2_roll_mean_30","rolling","Rolling mean of predictor (window=30 days)"
"nbtpncp.2_roll_sd_30","rolling","Rolling SD of predictor (window=30 days)"
"nbtpncp.2_roll_max_30","rolling","Rolling max of predictor (window=30 days)"
"nbtpncp.2_change_30","rolling","Change over 30 days"
"pnctr.1_roll_mean_3","rolling","Rolling mean of predictor (window=3 days)"
"pnctr.1_roll_sd_3","rolling","Rolling SD of predictor (window=3 days)"
"pnctr.1_roll_max_3","rolling","Rolling max of predictor (window=3 days)"
"pnctr.1_change_3","rolling","Change over 3 days"
"pnctr.1_roll_mean_7","rolling","Rolling mean of predictor (window=7 days)"
"pnctr.1_roll_sd_7","rolling","Rolling SD of predictor (window=7 days)"
"pnctr.1_roll_max_7","rolling","Rolling max of predictor (window=7 days)"
"pnctr.1_change_7","rolling","Change over 7 days"
"pnctr.1_roll_mean_14","rolling","Rolling mean of predictor (window=14 days)"
"pnctr.1_roll_sd_14","rolling","Rolling SD of predictor (window=14 days)"
"pnctr.1_roll_max_14","rolling","Rolling max of predictor (window=14 days)"
"pnctr.1_change_14","rolling","Change over 14 days"
"pnctr.1_roll_mean_30","rolling","Rolling mean of predictor (window=30 days)"
"pnctr.1_roll_sd_30","rolling","Rolling SD of predictor (window=30 days)"
"pnctr.1_roll_max_30","rolling","Rolling max of predictor (window=30 days)"
"pnctr.1_change_30","rolling","Change over 30 days"
"rdnrsngs_roll_mean_3","rolling","Rolling mean of predictor (window=3 days)"
"rdnrsngs_roll_sd_3","rolling","Rolling SD of predictor (window=3 days)"
"rdnrsngs_roll_max_3","rolling","Rolling max of predictor (window=3 days)"
"rdnrsngs_change_3","rolling","Change over 3 days"
"rdnrsngs_roll_mean_7","rolling","Rolling mean of predictor (window=7 days)"
"rdnrsngs_roll_sd_7","rolling","Rolling SD of predictor (window=7 days)"
"rdnrsngs_roll_max_7","rolling","Rolling max of predictor (window=7 days)"
"rdnrsngs_change_7","rolling","Change over 7 days"
"rdnrsngs_roll_mean_14","rolling","Rolling mean of predictor (window=14 days)"
"rdnrsngs_roll_sd_14","rolling","Rolling SD of predictor (window=14 days)"
"rdnrsngs_roll_max_14","rolling","Rolling max of predictor (window=14 days)"
"rdnrsngs_change_14","rolling","Change over 14 days"
"rdnrsngs_roll_mean_30","rolling","Rolling mean of predictor (window=30 days)"
"rdnrsngs_roll_sd_30","rolling","Rolling SD of predictor (window=30 days)"
"rdnrsngs_roll_max_30","rolling","Rolling max of predictor (window=30 days)"
"rdnrsngs_change_30","rolling","Change over 30 days"
"unllcrns_roll_mean_3","rolling","Rolling mean of predictor (window=3 days)"
"unllcrns_roll_sd_3","rolling","Rolling SD of predictor (window=3 days)"
"unllcrns_roll_max_3","rolling","Rolling max of predictor (window=3 days)"
"unllcrns_change_3","rolling","Change over 3 days"
"unllcrns_roll_mean_7","rolling","Rolling mean of predictor (window=7 days)"
"unllcrns_roll_sd_7","rolling","Rolling SD of predictor (window=7 days)"
"unllcrns_roll_max_7","rolling","Rolling max of predictor (window=7 days)"
"unllcrns_change_7","rolling","Change over 7 days"
"unllcrns_roll_mean_14","rolling","Rolling mean of predictor (window=14 days)"
"unllcrns_roll_sd_14","rolling","Rolling SD of predictor (window=14 days)"
"unllcrns_roll_max_14","rolling","Rolling max of predictor (window=14 days)"
"unllcrns_change_14","rolling","Change over 14 days"
"unllcrns_roll_mean_30","rolling","Rolling mean of predictor (window=30 days)"
"unllcrns_roll_sd_30","rolling","Rolling SD of predictor (window=30 days)"
"unllcrns_roll_max_30","rolling","Rolling max of predictor (window=30 days)"
"unllcrns_change_30","rolling","Change over 30 days"
"unrns_roll_mean_3","rolling","Rolling mean of predictor (window=3 days)"
"unrns_roll_sd_3","rolling","Rolling SD of predictor (window=3 days)"
"unrns_roll_max_3","rolling","Rolling max of predictor (window=3 days)"
"unrns_change_3","rolling","Change over 3 days"
"unrns_roll_mean_7","rolling","Rolling mean of predictor (window=7 days)"
"unrns_roll_sd_7","rolling","Rolling SD of predictor (window=7 days)"
"unrns_roll_max_7","rolling","Rolling max of predictor (window=7 days)"
"unrns_change_7","rolling","Change over 7 days"
"unrns_roll_mean_14","rolling","Rolling mean of predictor (window=14 days)"
"unrns_roll_sd_14","rolling","Rolling SD of predictor (window=14 days)"
"unrns_roll_max_14","rolling","Rolling max of predictor (window=14 days)"
"unrns_change_14","rolling","Change over 14 days"
"unrns_roll_mean_30","rolling","Rolling mean of predictor (window=30 days)"
"unrns_roll_sd_30","rolling","Rolling SD of predictor (window=30 days)"
"unrns_roll_max_30","rolling","Rolling max of predictor (window=30 days)"
"unrns_change_30","rolling","Change over 30 days"
"wghnyo_roll_mean_3","rolling","Rolling mean of predictor (window=3 days)"
"wghnyo_roll_sd_3","rolling","Rolling SD of predictor (window=3 days)"
"wghnyo_roll_max_3","rolling","Rolling max of predictor (window=3 days)"
"wghnyo_change_3","rolling","Change over 3 days"
"wghnyo_roll_mean_7","rolling","Rolling mean of predictor (window=7 days)"
"wghnyo_roll_sd_7","rolling","Rolling SD of predictor (window=7 days)"
"wghnyo_roll_max_7","rolling","Rolling max of predictor (window=7 days)"
"wghnyo_change_7","rolling","Change over 7 days"
"wghnyo_roll_mean_14","rolling","Rolling mean of predictor (window=14 days)"
"wghnyo_roll_sd_14","rolling","Rolling SD of predictor (window=14 days)"
"wghnyo_roll_max_14","rolling","Rolling max of predictor (window=14 days)"
"wghnyo_change_14","rolling","Change over 14 days"
"wghnyo_roll_mean_30","rolling","Rolling mean of predictor (window=30 days)"
"wghnyo_roll_sd_30","rolling","Rolling SD of predictor (window=30 days)"
"wghnyo_roll_max_30","rolling","Rolling max of predictor (window=30 days)"
"wghnyo_change_30","rolling","Change over 30 days"
"wghnctrb_roll_mean_3","rolling","Rolling mean of predictor (window=3 days)"
"wghnctrb_roll_sd_3","rolling","Rolling SD of predictor (window=3 days)"
"wghnctrb_roll_max_3","rolling","Rolling max of predictor (window=3 days)"
"wghnctrb_change_3","rolling","Change over 3 days"
"wghnctrb_roll_mean_7","rolling","Rolling mean of predictor (window=7 days)"
"wghnctrb_roll_sd_7","rolling","Rolling SD of predictor (window=7 days)"
"wghnctrb_roll_max_7","rolling","Rolling max of predictor (window=7 days)"
"wghnctrb_change_7","rolling","Change over 7 days"
"wghnctrb_roll_mean_14","rolling","Rolling mean of predictor (window=14 days)"
"wghnctrb_roll_sd_14","rolling","Rolling SD of predictor (window=14 days)"
"wghnctrb_roll_max_14","rolling","Rolling max of predictor (window=14 days)"
"wghnctrb_change_14","rolling","Change over 14 days"
"wghnctrb_roll_mean_30","rolling","Rolling mean of predictor (window=30 days)"
"wghnctrb_roll_sd_30","rolling","Rolling SD of predictor (window=30 days)"
"wghnctrb_roll_max_30","rolling","Rolling max of predictor (window=30 days)"
"wghnctrb_change_30","rolling","Change over 30 days"
"wghnctrp_roll_mean_3","rolling","Rolling mean of predictor (window=3 days)"
"wghnctrp_roll_sd_3","rolling","Rolling SD of predictor (window=3 days)"
"wghnctrp_roll_max_3","rolling","Rolling max of predictor (window=3 days)"
"wghnctrp_change_3","rolling","Change over 3 days"
"wghnctrp_roll_mean_7","rolling","Rolling mean of predictor (window=7 days)"
"wghnctrp_roll_sd_7","rolling","Rolling SD of predictor (window=7 days)"
"wghnctrp_roll_max_7","rolling","Rolling max of predictor (window=7 days)"
"wghnctrp_change_7","rolling","Change over 7 days"
"wghnctrp_roll_mean_14","rolling","Rolling mean of predictor (window=14 days)"
"wghnctrp_roll_sd_14","rolling","Rolling SD of predictor (window=14 days)"
"wghnctrp_roll_max_14","rolling","Rolling max of predictor (window=14 days)"
"wghnctrp_change_14","rolling","Change over 14 days"
"wghnctrp_roll_mean_30","rolling","Rolling mean of predictor (window=30 days)"
"wghnctrp_roll_sd_30","rolling","Rolling SD of predictor (window=30 days)"
"wghnctrp_roll_max_30","rolling","Rolling max of predictor (window=30 days)"
"wghnctrp_change_30","rolling","Change over 30 days"
"wghpncb_roll_mean_3","rolling","Rolling mean of predictor (window=3 days)"
"wghpncb_roll_sd_3","rolling","Rolling SD of predictor (window=3 days)"
"wghpncb_roll_max_3","rolling","Rolling max of predictor (window=3 days)"
"wghpncb_change_3","rolling","Change over 3 days"
"wghpncb_roll_mean_7","rolling","Rolling mean of predictor (window=7 days)"
"wghpncb_roll_sd_7","rolling","Rolling SD of predictor (window=7 days)"
"wghpncb_roll_max_7","rolling","Rolling max of predictor (window=7 days)"
"wghpncb_change_7","rolling","Change over 7 days"
"wghpncb_roll_mean_14","rolling","Rolling mean of predictor (window=14 days)"
"wghpncb_roll_sd_14","rolling","Rolling SD of predictor (window=14 days)"
"wghpncb_roll_max_14","rolling","Rolling max of predictor (window=14 days)"
"wghpncb_change_14","rolling","Change over 14 days"
"wghpncb_roll_mean_30","rolling","Rolling mean of predictor (window=30 days)"
"wghpncb_roll_sd_30","rolling","Rolling SD of predictor (window=30 days)"
"wghpncb_roll_max_30","rolling","Rolling max of predictor (window=30 days)"
"wghpncb_change_30","rolling","Change over 30 days"
"wghpncp_roll_mean_3","rolling","Rolling mean of predictor (window=3 days)"
"wghpncp_roll_sd_3","rolling","Rolling SD of predictor (window=3 days)"
"wghpncp_roll_max_3","rolling","Rolling max of predictor (window=3 days)"
"wghpncp_change_3","rolling","Change over 3 days"
"wghpncp_roll_mean_7","rolling","Rolling mean of predictor (window=7 days)"
"wghpncp_roll_sd_7","rolling","Rolling SD of predictor (window=7 days)"
"wghpncp_roll_max_7","rolling","Rolling max of predictor (window=7 days)"
"wghpncp_change_7","rolling","Change over 7 days"
"wghpncp_roll_mean_14","rolling","Rolling mean of predictor (window=14 days)"
"wghpncp_roll_sd_14","rolling","Rolling SD of predictor (window=14 days)"
"wghpncp_roll_max_14","rolling","Rolling max of predictor (window=14 days)"
"wghpncp_change_14","rolling","Change over 14 days"
"wghpncp_roll_mean_30","rolling","Rolling mean of predictor (window=30 days)"
"wghpncp_roll_sd_30","rolling","Rolling SD of predictor (window=30 days)"
"wghpncp_roll_max_30","rolling","Rolling max of predictor (window=30 days)"
"wghpncp_change_30","rolling","Change over 30 days"
"wghpncb.1_roll_mean_3","rolling","Rolling mean of predictor (window=3 days)"
"wghpncb.1_roll_sd_3","rolling","Rolling SD of predictor (window=3 days)"
"wghpncb.1_roll_max_3","rolling","Rolling max of predictor (window=3 days)"
"wghpncb.1_change_3","rolling","Change over 3 days"
"wghpncb.1_roll_mean_7","rolling","Rolling mean of predictor (window=7 days)"
"wghpncb.1_roll_sd_7","rolling","Rolling SD of predictor (window=7 days)"
"wghpncb.1_roll_max_7","rolling","Rolling max of predictor (window=7 days)"
"wghpncb.1_change_7","rolling","Change over 7 days"
"wghpncb.1_roll_mean_14","rolling","Rolling mean of predictor (window=14 days)"
"wghpncb.1_roll_sd_14","rolling","Rolling SD of predictor (window=14 days)"
"wghpncb.1_roll_max_14","rolling","Rolling max of predictor (window=14 days)"
"wghpncb.1_change_14","rolling","Change over 14 days"
"wghpncb.1_roll_mean_30","rolling","Rolling mean of predictor (window=30 days)"
"wghpncb.1_roll_sd_30","rolling","Rolling SD of predictor (window=30 days)"
"wghpncb.1_roll_max_30","rolling","Rolling max of predictor (window=30 days)"
"wghpncb.1_change_30","rolling","Change over 30 days"
"wghpncp.1_roll_mean_3","rolling","Rolling mean of predictor (window=3 days)"
"wghpncp.1_roll_sd_3","rolling","Rolling SD of predictor (window=3 days)"
"wghpncp.1_roll_max_3","rolling","Rolling max of predictor (window=3 days)"
"wghpncp.1_change_3","rolling","Change over 3 days"
"wghpncp.1_roll_mean_7","rolling","Rolling mean of predictor (window=7 days)"
"wghpncp.1_roll_sd_7","rolling","Rolling SD of predictor (window=7 days)"
"wghpncp.1_roll_max_7","rolling","Rolling max of predictor (window=7 days)"
"wghpncp.1_change_7","rolling","Change over 7 days"
"wghpncp.1_roll_mean_14","rolling","Rolling mean of predictor (window=14 days)"
"wghpncp.1_roll_sd_14","rolling","Rolling SD of predictor (window=14 days)"
"wghpncp.1_roll_max_14","rolling","Rolling max of predictor (window=14 days)"
"wghpncp.1_change_14","rolling","Change over 14 days"
"wghpncp.1_roll_mean_30","rolling","Rolling mean of predictor (window=30 days)"
"wghpncp.1_roll_sd_30","rolling","Rolling SD of predictor (window=30 days)"
"wghpncp.1_roll_max_30","rolling","Rolling max of predictor (window=30 days)"
"wghpncp.1_change_30","rolling","Change over 30 days"
"wghpncb.2_roll_mean_3","rolling","Rolling mean of predictor (window=3 days)"
"wghpncb.2_roll_sd_3","rolling","Rolling SD of predictor (window=3 days)"
"wghpncb.2_roll_max_3","rolling","Rolling max of predictor (window=3 days)"
"wghpncb.2_change_3","rolling","Change over 3 days"
"wghpncb.2_roll_mean_7","rolling","Rolling mean of predictor (window=7 days)"
"wghpncb.2_roll_sd_7","rolling","Rolling SD of predictor (window=7 days)"
"wghpncb.2_roll_max_7","rolling","Rolling max of predictor (window=7 days)"
"wghpncb.2_change_7","rolling","Change over 7 days"
"wghpncb.2_roll_mean_14","rolling","Rolling mean of predictor (window=14 days)"
"wghpncb.2_roll_sd_14","rolling","Rolling SD of predictor (window=14 days)"
"wghpncb.2_roll_max_14","rolling","Rolling max of predictor (window=14 days)"
"wghpncb.2_change_14","rolling","Change over 14 days"
"wghpncb.2_roll_mean_30","rolling","Rolling mean of predictor (window=30 days)"
"wghpncb.2_roll_sd_30","rolling","Rolling SD of predictor (window=30 days)"
"wghpncb.2_roll_max_30","rolling","Rolling max of predictor (window=30 days)"
"wghpncb.2_change_30","rolling","Change over 30 days"
"wghpncp.2_roll_mean_3","rolling","Rolling mean of predictor (window=3 days)"
"wghpncp.2_roll_sd_3","rolling","Rolling SD of predictor (window=3 days)"
"wghpncp.2_roll_max_3","rolling","Rolling max of predictor (window=3 days)"
"wghpncp.2_change_3","rolling","Change over 3 days"
"wghpncp.2_roll_mean_7","rolling","Rolling mean of predictor (window=7 days)"
"wghpncp.2_roll_sd_7","rolling","Rolling SD of predictor (window=7 days)"
"wghpncp.2_roll_max_7","rolling","Rolling max of predictor (window=7 days)"
"wghpncp.2_change_7","rolling","Change over 7 days"
"wghpncp.2_roll_mean_14","rolling","Rolling mean of predictor (window=14 days)"
"wghpncp.2_roll_sd_14","rolling","Rolling SD of predictor (window=14 days)"
"wghpncp.2_roll_max_14","rolling","Rolling max of predictor (window=14 days)"
"wghpncp.2_change_14","rolling","Change over 14 days"
"wghpncp.2_roll_mean_30","rolling","Rolling mean of predictor (window=30 days)"
"wghpncp.2_roll_sd_30","rolling","Rolling SD of predictor (window=30 days)"
"wghpncp.2_roll_max_30","rolling","Rolling max of predictor (window=30 days)"
"wghpncp.2_change_30","rolling","Change over 30 days"
"xscarte_roll_mean_3","rolling","Rolling mean of predictor (window=3 days)"
"xscarte_roll_sd_3","rolling","Rolling SD of predictor (window=3 days)"
"xscarte_roll_max_3","rolling","Rolling max of predictor (window=3 days)"
"xscarte_change_3","rolling","Change over 3 days"
"xscarte_roll_mean_7","rolling","Rolling mean of predictor (window=7 days)"
"xscarte_roll_sd_7","rolling","Rolling SD of predictor (window=7 days)"
"xscarte_roll_max_7","rolling","Rolling max of predictor (window=7 days)"
"xscarte_change_7","rolling","Change over 7 days"
"xscarte_roll_mean_14","rolling","Rolling mean of predictor (window=14 days)"
"xscarte_roll_sd_14","rolling","Rolling SD of predictor (window=14 days)"
"xscarte_roll_max_14","rolling","Rolling max of predictor (window=14 days)"
"xscarte_change_14","rolling","Change over 14 days"
"xscarte_roll_mean_30","rolling","Rolling mean of predictor (window=30 days)"
"xscarte_roll_sd_30","rolling","Rolling SD of predictor (window=30 days)"
"xscarte_roll_max_30","rolling","Rolling max of predictor (window=30 days)"
"xscarte_change_30","rolling","Change over 30 days"
"dossta_roll_mean_3","rolling","Rolling mean of predictor (window=3 days)"
"dossta_roll_sd_3","rolling","Rolling SD of predictor (window=3 days)"
"dossta_roll_max_3","rolling","Rolling max of predictor (window=3 days)"
"dossta_change_3","rolling","Change over 3 days"
"dossta_roll_mean_7","rolling","Rolling mean of predictor (window=7 days)"
"dossta_roll_sd_7","rolling","Rolling SD of predictor (window=7 days)"
"dossta_roll_max_7","rolling","Rolling max of predictor (window=7 days)"
"dossta_change_7","rolling","Change over 7 days"
"dossta_roll_mean_14","rolling","Rolling mean of predictor (window=14 days)"
"dossta_roll_sd_14","rolling","Rolling SD of predictor (window=14 days)"
"dossta_roll_max_14","rolling","Rolling max of predictor (window=14 days)"
"dossta_change_14","rolling","Change over 14 days"
"dossta_roll_mean_30","rolling","Rolling mean of predictor (window=30 days)"
"dossta_roll_sd_30","rolling","Rolling SD of predictor (window=30 days)"
"dossta_roll_max_30","rolling","Rolling max of predictor (window=30 days)"
"dossta_change_30","rolling","Change over 30 days"
"pcaseld_roll_mean_3","rolling","Rolling mean of predictor (window=3 days)"
"pcaseld_roll_sd_3","rolling","Rolling SD of predictor (window=3 days)"
"pcaseld_roll_max_3","rolling","Rolling max of predictor (window=3 days)"
"pcaseld_change_3","rolling","Change over 3 days"
"pcaseld_roll_mean_7","rolling","Rolling mean of predictor (window=7 days)"
"pcaseld_roll_sd_7","rolling","Rolling SD of predictor (window=7 days)"
"pcaseld_roll_max_7","rolling","Rolling max of predictor (window=7 days)"
"pcaseld_change_7","rolling","Change over 7 days"
"pcaseld_roll_mean_14","rolling","Rolling mean of predictor (window=14 days)"
"pcaseld_roll_sd_14","rolling","Rolling SD of predictor (window=14 days)"
"pcaseld_roll_max_14","rolling","Rolling max of predictor (window=14 days)"
"pcaseld_change_14","rolling","Change over 14 days"
"pcaseld_roll_mean_30","rolling","Rolling mean of predictor (window=30 days)"
"pcaseld_roll_sd_30","rolling","Rolling SD of predictor (window=30 days)"
"pcaseld_roll_max_30","rolling","Rolling max of predictor (window=30 days)"
"pcaseld_change_30","rolling","Change over 30 days"
"padmssy_roll_mean_3","rolling","Rolling mean of predictor (window=3 days)"
"padmssy_roll_sd_3","rolling","Rolling SD of predictor (window=3 days)"
"padmssy_roll_max_3","rolling","Rolling max of predictor (window=3 days)"
"padmssy_change_3","rolling","Change over 3 days"
"padmssy_roll_mean_7","rolling","Rolling mean of predictor (window=7 days)"
"padmssy_roll_sd_7","rolling","Rolling SD of predictor (window=7 days)"
"padmssy_roll_max_7","rolling","Rolling max of predictor (window=7 days)"
"padmssy_change_7","rolling","Change over 7 days"
"padmssy_roll_mean_14","rolling","Rolling mean of predictor (window=14 days)"
"padmssy_roll_sd_14","rolling","Rolling SD of predictor (window=14 days)"
"padmssy_roll_max_14","rolling","Rolling max of predictor (window=14 days)"
"padmssy_change_14","rolling","Change over 14 days"
"padmssy_roll_mean_30","rolling","Rolling mean of predictor (window=30 days)"
"padmssy_roll_sd_30","rolling","Rolling SD of predictor (window=30 days)"
"padmssy_roll_max_30","rolling","Rolling max of predictor (window=30 days)"
"padmssy_change_30","rolling","Change over 30 days"
"prfrrly.2_roll_mean_3","rolling","Rolling mean of predictor (window=3 days)"
"prfrrly.2_roll_sd_3","rolling","Rolling SD of predictor (window=3 days)"
"prfrrly.2_roll_max_3","rolling","Rolling max of predictor (window=3 days)"
"prfrrly.2_change_3","rolling","Change over 3 days"
"prfrrly.2_roll_mean_7","rolling","Rolling mean of predictor (window=7 days)"
"prfrrly.2_roll_sd_7","rolling","Rolling SD of predictor (window=7 days)"
"prfrrly.2_roll_max_7","rolling","Rolling max of predictor (window=7 days)"
"prfrrly.2_change_7","rolling","Change over 7 days"
"prfrrly.2_roll_mean_14","rolling","Rolling mean of predictor (window=14 days)"
"prfrrly.2_roll_sd_14","rolling","Rolling SD of predictor (window=14 days)"
"prfrrly.2_roll_max_14","rolling","Rolling max of predictor (window=14 days)"
"prfrrly.2_change_14","rolling","Change over 14 days"
"prfrrly.2_roll_mean_30","rolling","Rolling mean of predictor (window=30 days)"
"prfrrly.2_roll_sd_30","rolling","Rolling SD of predictor (window=30 days)"
"prfrrly.2_roll_max_30","rolling","Rolling max of predictor (window=30 days)"
"prfrrly.2_change_30","rolling","Change over 30 days"
"padmssy.1_roll_mean_3","rolling","Rolling mean of predictor (window=3 days)"
"padmssy.1_roll_sd_3","rolling","Rolling SD of predictor (window=3 days)"
"padmssy.1_roll_max_3","rolling","Rolling max of predictor (window=3 days)"
"padmssy.1_change_3","rolling","Change over 3 days"
"padmssy.1_roll_mean_7","rolling","Rolling mean of predictor (window=7 days)"
"padmssy.1_roll_sd_7","rolling","Rolling SD of predictor (window=7 days)"
"padmssy.1_roll_max_7","rolling","Rolling max of predictor (window=7 days)"
"padmssy.1_change_7","rolling","Change over 7 days"
"padmssy.1_roll_mean_14","rolling","Rolling mean of predictor (window=14 days)"
"padmssy.1_roll_sd_14","rolling","Rolling SD of predictor (window=14 days)"
"padmssy.1_roll_max_14","rolling","Rolling max of predictor (window=14 days)"
"padmssy.1_change_14","rolling","Change over 14 days"
"padmssy.1_roll_mean_30","rolling","Rolling mean of predictor (window=30 days)"
"padmssy.1_roll_sd_30","rolling","Rolling SD of predictor (window=30 days)"
"padmssy.1_roll_max_30","rolling","Rolling max of predictor (window=30 days)"
"padmssy.1_change_30","rolling","Change over 30 days"
"xobobpwn_roll_mean_3","rolling","Rolling mean of predictor (window=3 days)"
"xobobpwn_roll_sd_3","rolling","Rolling SD of predictor (window=3 days)"
"xobobpwn_roll_max_3","rolling","Rolling max of predictor (window=3 days)"
"xobobpwn_change_3","rolling","Change over 3 days"
"xobobpwn_roll_mean_7","rolling","Rolling mean of predictor (window=7 days)"
"xobobpwn_roll_sd_7","rolling","Rolling SD of predictor (window=7 days)"
"xobobpwn_roll_max_7","rolling","Rolling max of predictor (window=7 days)"
"xobobpwn_change_7","rolling","Change over 7 days"
"xobobpwn_roll_mean_14","rolling","Rolling mean of predictor (window=14 days)"
"xobobpwn_roll_sd_14","rolling","Rolling SD of predictor (window=14 days)"
"xobobpwn_roll_max_14","rolling","Rolling max of predictor (window=14 days)"
"xobobpwn_change_14","rolling","Change over 14 days"
"xobobpwn_roll_mean_30","rolling","Rolling mean of predictor (window=30 days)"
"xobobpwn_roll_sd_30","rolling","Rolling SD of predictor (window=30 days)"
"xobobpwn_roll_max_30","rolling","Rolling max of predictor (window=30 days)"
"xobobpwn_change_30","rolling","Change over 30 days"
"xopshie_roll_mean_3","rolling","Rolling mean of predictor (window=3 days)"
"xopshie_roll_sd_3","rolling","Rolling SD of predictor (window=3 days)"
"xopshie_roll_max_3","rolling","Rolling max of predictor (window=3 days)"
"xopshie_change_3","rolling","Change over 3 days"
"xopshie_roll_mean_7","rolling","Rolling mean of predictor (window=7 days)"
"xopshie_roll_sd_7","rolling","Rolling SD of predictor (window=7 days)"
"xopshie_roll_max_7","rolling","Rolling max of predictor (window=7 days)"
"xopshie_change_7","rolling","Change over 7 days"
"xopshie_roll_mean_14","rolling","Rolling mean of predictor (window=14 days)"
"xopshie_roll_sd_14","rolling","Rolling SD of predictor (window=14 days)"
"xopshie_roll_max_14","rolling","Rolling max of predictor (window=14 days)"
"xopshie_change_14","rolling","Change over 14 days"
"xopshie_roll_mean_30","rolling","Rolling mean of predictor (window=30 days)"
"xopshie_roll_sd_30","rolling","Rolling SD of predictor (window=30 days)"
"xopshie_roll_max_30","rolling","Rolling max of predictor (window=30 days)"
"xopshie_change_30","rolling","Change over 30 days"
"anhseops_roll_mean_3","rolling","Rolling mean of predictor (window=3 days)"
"anhseops_roll_sd_3","rolling","Rolling SD of predictor (window=3 days)"
"anhseops_roll_max_3","rolling","Rolling max of predictor (window=3 days)"
"anhseops_change_3","rolling","Change over 3 days"
"anhseops_roll_mean_7","rolling","Rolling mean of predictor (window=7 days)"
"anhseops_roll_sd_7","rolling","Rolling SD of predictor (window=7 days)"
"anhseops_roll_max_7","rolling","Rolling max of predictor (window=7 days)"
"anhseops_change_7","rolling","Change over 7 days"
"anhseops_roll_mean_14","rolling","Rolling mean of predictor (window=14 days)"
"anhseops_roll_sd_14","rolling","Rolling SD of predictor (window=14 days)"
"anhseops_roll_max_14","rolling","Rolling max of predictor (window=14 days)"
"anhseops_change_14","rolling","Change over 14 days"
"anhseops_roll_mean_30","rolling","Rolling mean of predictor (window=30 days)"
"anhseops_roll_sd_30","rolling","Rolling SD of predictor (window=30 days)"
"anhseops_roll_max_30","rolling","Rolling max of predictor (window=30 days)"
"anhseops_change_30","rolling","Change over 30 days"
"atmtopel_roll_mean_3","rolling","Rolling mean of predictor (window=3 days)"
"atmtopel_roll_sd_3","rolling","Rolling SD of predictor (window=3 days)"
"atmtopel_roll_max_3","rolling","Rolling max of predictor (window=3 days)"
"atmtopel_change_3","rolling","Change over 3 days"
"atmtopel_roll_mean_7","rolling","Rolling mean of predictor (window=7 days)"
"atmtopel_roll_sd_7","rolling","Rolling SD of predictor (window=7 days)"
"atmtopel_roll_max_7","rolling","Rolling max of predictor (window=7 days)"
"atmtopel_change_7","rolling","Change over 7 days"
"atmtopel_roll_mean_14","rolling","Rolling mean of predictor (window=14 days)"
"atmtopel_roll_sd_14","rolling","Rolling SD of predictor (window=14 days)"
"atmtopel_roll_max_14","rolling","Rolling max of predictor (window=14 days)"
"atmtopel_change_14","rolling","Change over 14 days"
"atmtopel_roll_mean_30","rolling","Rolling mean of predictor (window=30 days)"
"atmtopel_roll_sd_30","rolling","Rolling SD of predictor (window=30 days)"
"atmtopel_roll_max_30","rolling","Rolling max of predictor (window=30 days)"
"atmtopel_change_30","rolling","Change over 30 days"
"bricmpld_roll_mean_3","rolling","Rolling mean of predictor (window=3 days)"
"bricmpld_roll_sd_3","rolling","Rolling SD of predictor (window=3 days)"
"bricmpld_roll_max_3","rolling","Rolling max of predictor (window=3 days)"
"bricmpld_change_3","rolling","Change over 3 days"
"bricmpld_roll_mean_7","rolling","Rolling mean of predictor (window=7 days)"
"bricmpld_roll_sd_7","rolling","Rolling SD of predictor (window=7 days)"
"bricmpld_roll_max_7","rolling","Rolling max of predictor (window=7 days)"
"bricmpld_change_7","rolling","Change over 7 days"
"bricmpld_roll_mean_14","rolling","Rolling mean of predictor (window=14 days)"
"bricmpld_roll_sd_14","rolling","Rolling SD of predictor (window=14 days)"
"bricmpld_roll_max_14","rolling","Rolling max of predictor (window=14 days)"
"bricmpld_change_14","rolling","Change over 14 days"
"bricmpld_roll_mean_30","rolling","Rolling mean of predictor (window=30 days)"
"bricmpld_roll_sd_30","rolling","Rolling SD of predictor (window=30 days)"
"bricmpld_roll_max_30","rolling","Rolling max of predictor (window=30 days)"
"bricmpld_change_30","rolling","Change over 30 days"
"bripdsc_roll_mean_3","rolling","Rolling mean of predictor (window=3 days)"
"bripdsc_roll_sd_3","rolling","Rolling SD of predictor (window=3 days)"
"bripdsc_roll_max_3","rolling","Rolling max of predictor (window=3 days)"
"bripdsc_change_3","rolling","Change over 3 days"
"bripdsc_roll_mean_7","rolling","Rolling mean of predictor (window=7 days)"
"bripdsc_roll_sd_7","rolling","Rolling SD of predictor (window=7 days)"
"bripdsc_roll_max_7","rolling","Rolling max of predictor (window=7 days)"
"bripdsc_change_7","rolling","Change over 7 days"
"bripdsc_roll_mean_14","rolling","Rolling mean of predictor (window=14 days)"
"bripdsc_roll_sd_14","rolling","Rolling SD of predictor (window=14 days)"
"bripdsc_roll_max_14","rolling","Rolling max of predictor (window=14 days)"
"bripdsc_change_14","rolling","Change over 14 days"
"bripdsc_roll_mean_30","rolling","Rolling mean of predictor (window=30 days)"
"bripdsc_roll_sd_30","rolling","Rolling SD of predictor (window=30 days)"
"bripdsc_roll_max_30","rolling","Rolling max of predictor (window=30 days)"
"bripdsc_change_30","rolling","Change over 30 days"
"edalp_roll_mean_3","rolling","Rolling mean of predictor (window=3 days)"
"edalp_roll_sd_3","rolling","Rolling SD of predictor (window=3 days)"
"edalp_roll_max_3","rolling","Rolling max of predictor (window=3 days)"
"edalp_change_3","rolling","Change over 3 days"
"edalp_roll_mean_7","rolling","Rolling mean of predictor (window=7 days)"
"edalp_roll_sd_7","rolling","Rolling SD of predictor (window=7 days)"
"edalp_roll_max_7","rolling","Rolling max of predictor (window=7 days)"
"edalp_change_7","rolling","Change over 7 days"
"edalp_roll_mean_14","rolling","Rolling mean of predictor (window=14 days)"
"edalp_roll_sd_14","rolling","Rolling SD of predictor (window=14 days)"
"edalp_roll_max_14","rolling","Rolling max of predictor (window=14 days)"
"edalp_change_14","rolling","Change over 14 days"
"edalp_roll_mean_30","rolling","Rolling mean of predictor (window=30 days)"
"edalp_roll_sd_30","rolling","Rolling SD of predictor (window=30 days)"
"edalp_roll_max_30","rolling","Rolling max of predictor (window=30 days)"
"edalp_change_30","rolling","Change over 30 days"
"marodl_roll_mean_3","rolling","Rolling mean of predictor (window=3 days)"
"marodl_roll_sd_3","rolling","Rolling SD of predictor (window=3 days)"
"marodl_roll_max_3","rolling","Rolling max of predictor (window=3 days)"
"marodl_change_3","rolling","Change over 3 days"
"marodl_roll_mean_7","rolling","Rolling mean of predictor (window=7 days)"
"marodl_roll_sd_7","rolling","Rolling SD of predictor (window=7 days)"
"marodl_roll_max_7","rolling","Rolling max of predictor (window=7 days)"
"marodl_change_7","rolling","Change over 7 days"
"marodl_roll_mean_14","rolling","Rolling mean of predictor (window=14 days)"
"marodl_roll_sd_14","rolling","Rolling SD of predictor (window=14 days)"
"marodl_roll_max_14","rolling","Rolling max of predictor (window=14 days)"
"marodl_change_14","rolling","Change over 14 days"
"marodl_roll_mean_30","rolling","Rolling mean of predictor (window=30 days)"
"marodl_roll_sd_30","rolling","Rolling SD of predictor (window=30 days)"
"marodl_roll_max_30","rolling","Rolling max of predictor (window=30 days)"
"marodl_change_30","rolling","Change over 30 days"
"wghcmpld_roll_mean_3","rolling","Rolling mean of predictor (window=3 days)"
"wghcmpld_roll_sd_3","rolling","Rolling SD of predictor (window=3 days)"
"wghcmpld_roll_max_3","rolling","Rolling max of predictor (window=3 days)"
"wghcmpld_change_3","rolling","Change over 3 days"
"wghcmpld_roll_mean_7","rolling","Rolling mean of predictor (window=7 days)"
"wghcmpld_roll_sd_7","rolling","Rolling SD of predictor (window=7 days)"
"wghcmpld_roll_max_7","rolling","Rolling max of predictor (window=7 days)"
"wghcmpld_change_7","rolling","Change over 7 days"
"wghcmpld_roll_mean_14","rolling","Rolling mean of predictor (window=14 days)"
"wghcmpld_roll_sd_14","rolling","Rolling SD of predictor (window=14 days)"
"wghcmpld_roll_max_14","rolling","Rolling max of predictor (window=14 days)"
"wghcmpld_change_14","rolling","Change over 14 days"
"wghcmpld_roll_mean_30","rolling","Rolling mean of predictor (window=30 days)"
"wghcmpld_roll_sd_30","rolling","Rolling SD of predictor (window=30 days)"
"wghcmpld_roll_max_30","rolling","Rolling max of predictor (window=30 days)"
"wghcmpld_change_30","rolling","Change over 30 days"
"wghpdsc_roll_mean_3","rolling","Rolling mean of predictor (window=3 days)"
"wghpdsc_roll_sd_3","rolling","Rolling SD of predictor (window=3 days)"
"wghpdsc_roll_max_3","rolling","Rolling max of predictor (window=3 days)"
"wghpdsc_change_3","rolling","Change over 3 days"
"wghpdsc_roll_mean_7","rolling","Rolling mean of predictor (window=7 days)"
"wghpdsc_roll_sd_7","rolling","Rolling SD of predictor (window=7 days)"
"wghpdsc_roll_max_7","rolling","Rolling max of predictor (window=7 days)"
"wghpdsc_change_7","rolling","Change over 7 days"
"wghpdsc_roll_mean_14","rolling","Rolling mean of predictor (window=14 days)"
"wghpdsc_roll_sd_14","rolling","Rolling SD of predictor (window=14 days)"
"wghpdsc_roll_max_14","rolling","Rolling max of predictor (window=14 days)"
"wghpdsc_change_14","rolling","Change over 14 days"
"wghpdsc_roll_mean_30","rolling","Rolling mean of predictor (window=30 days)"
"wghpdsc_roll_sd_30","rolling","Rolling SD of predictor (window=30 days)"
"wghpdsc_roll_max_30","rolling","Rolling max of predictor (window=30 days)"
"wghpdsc_change_30","rolling","Change over 30 days"
"mdntttsm_roll_mean_3","rolling","Rolling mean of predictor (window=3 days)"
"mdntttsm_roll_sd_3","rolling","Rolling SD of predictor (window=3 days)"
"mdntttsm_roll_max_3","rolling","Rolling max of predictor (window=3 days)"
"mdntttsm_change_3","rolling","Change over 3 days"
"mdntttsm_roll_mean_7","rolling","Rolling mean of predictor (window=7 days)"
"mdntttsm_roll_sd_7","rolling","Rolling SD of predictor (window=7 days)"
"mdntttsm_roll_max_7","rolling","Rolling max of predictor (window=7 days)"
"mdntttsm_change_7","rolling","Change over 7 days"
"mdntttsm_roll_mean_14","rolling","Rolling mean of predictor (window=14 days)"
"mdntttsm_roll_sd_14","rolling","Rolling SD of predictor (window=14 days)"
"mdntttsm_roll_max_14","rolling","Rolling max of predictor (window=14 days)"
"mdntttsm_change_14","rolling","Change over 14 days"
"mdntttsm_roll_mean_30","rolling","Rolling mean of predictor (window=30 days)"
"mdntttsm_roll_sd_30","rolling","Rolling SD of predictor (window=30 days)"
"mdntttsm_roll_max_30","rolling","Rolling max of predictor (window=30 days)"
"mdntttsm_change_30","rolling","Change over 30 days"
"nbtcmpld_roll_mean_3","rolling","Rolling mean of predictor (window=3 days)"
"nbtcmpld_roll_sd_3","rolling","Rolling SD of predictor (window=3 days)"
"nbtcmpld_roll_max_3","rolling","Rolling max of predictor (window=3 days)"
"nbtcmpld_change_3","rolling","Change over 3 days"
"nbtcmpld_roll_mean_7","rolling","Rolling mean of predictor (window=7 days)"
"nbtcmpld_roll_sd_7","rolling","Rolling SD of predictor (window=7 days)"
"nbtcmpld_roll_max_7","rolling","Rolling max of predictor (window=7 days)"
"nbtcmpld_change_7","rolling","Change over 7 days"
"nbtcmpld_roll_mean_14","rolling","Rolling mean of predictor (window=14 days)"
"nbtcmpld_roll_sd_14","rolling","Rolling SD of predictor (window=14 days)"
"nbtcmpld_roll_max_14","rolling","Rolling max of predictor (window=14 days)"
"nbtcmpld_change_14","rolling","Change over 14 days"
"nbtcmpld_roll_mean_30","rolling","Rolling mean of predictor (window=30 days)"
"nbtcmpld_roll_sd_30","rolling","Rolling SD of predictor (window=30 days)"
"nbtcmpld_roll_max_30","rolling","Rolling max of predictor (window=30 days)"
"nbtcmpld_change_30","rolling","Change over 30 days"
"nbtpdsc_roll_mean_3","rolling","Rolling mean of predictor (window=3 days)"
"nbtpdsc_roll_sd_3","rolling","Rolling SD of predictor (window=3 days)"
"nbtpdsc_roll_max_3","rolling","Rolling max of predictor (window=3 days)"
"nbtpdsc_change_3","rolling","Change over 3 days"
"nbtpdsc_roll_mean_7","rolling","Rolling mean of predictor (window=7 days)"
"nbtpdsc_roll_sd_7","rolling","Rolling SD of predictor (window=7 days)"
"nbtpdsc_roll_max_7","rolling","Rolling max of predictor (window=7 days)"
"nbtpdsc_change_7","rolling","Change over 7 days"
"nbtpdsc_roll_mean_14","rolling","Rolling mean of predictor (window=14 days)"
"nbtpdsc_roll_sd_14","rolling","Rolling SD of predictor (window=14 days)"
"nbtpdsc_roll_max_14","rolling","Rolling max of predictor (window=14 days)"
"nbtpdsc_change_14","rolling","Change over 14 days"
"nbtpdsc_roll_mean_30","rolling","Rolling mean of predictor (window=30 days)"
"nbtpdsc_roll_sd_30","rolling","Rolling SD of predictor (window=30 days)"
"nbtpdsc_roll_max_30","rolling","Rolling max of predictor (window=30 days)"
"nbtpdsc_change_30","rolling","Change over 30 days"
"xoobtaeb_roll_mean_3","rolling","Rolling mean of predictor (window=3 days)"
"xoobtaeb_roll_sd_3","rolling","Rolling SD of predictor (window=3 days)"
"xoobtaeb_roll_max_3","rolling","Rolling max of predictor (window=3 days)"
"xoobtaeb_change_3","rolling","Change over 3 days"
"xoobtaeb_roll_mean_7","rolling","Rolling mean of predictor (window=7 days)"
"xoobtaeb_roll_sd_7","rolling","Rolling SD of predictor (window=7 days)"
"xoobtaeb_roll_max_7","rolling","Rolling max of predictor (window=7 days)"
"xoobtaeb_change_7","rolling","Change over 7 days"
"xoobtaeb_roll_mean_14","rolling","Rolling mean of predictor (window=14 days)"
"xoobtaeb_roll_sd_14","rolling","Rolling SD of predictor (window=14 days)"
"xoobtaeb_roll_max_14","rolling","Rolling max of predictor (window=14 days)"
"xoobtaeb_change_14","rolling","Change over 14 days"
"xoobtaeb_roll_mean_30","rolling","Rolling mean of predictor (window=30 days)"
"xoobtaeb_roll_sd_30","rolling","Rolling SD of predictor (window=30 days)"
"xoobtaeb_roll_max_30","rolling","Rolling max of predictor (window=30 days)"
"xoobtaeb_change_30","rolling","Change over 30 days"
"edallav_roll_mean_3","rolling","Rolling mean of predictor (window=3 days)"
"edallav_roll_sd_3","rolling","Rolling SD of predictor (window=3 days)"
"edallav_roll_max_3","rolling","Rolling max of predictor (window=3 days)"
"edallav_change_3","rolling","Change over 3 days"
"edallav_roll_mean_7","rolling","Rolling mean of predictor (window=7 days)"
"edallav_roll_sd_7","rolling","Rolling SD of predictor (window=7 days)"
"edallav_roll_max_7","rolling","Rolling max of predictor (window=7 days)"
"edallav_change_7","rolling","Change over 7 days"
"edallav_roll_mean_14","rolling","Rolling mean of predictor (window=14 days)"
"edallav_roll_sd_14","rolling","Rolling SD of predictor (window=14 days)"
"edallav_roll_max_14","rolling","Rolling max of predictor (window=14 days)"
"edallav_change_14","rolling","Change over 14 days"
"edallav_roll_mean_30","rolling","Rolling mean of predictor (window=30 days)"
"edallav_roll_sd_30","rolling","Rolling SD of predictor (window=30 days)"
"edallav_roll_max_30","rolling","Rolling max of predictor (window=30 days)"
"edallav_change_30","rolling","Change over 30 days"
"bdoccpna_roll_mean_3","rolling","Rolling mean of predictor (window=3 days)"
"bdoccpna_roll_sd_3","rolling","Rolling SD of predictor (window=3 days)"
"bdoccpna_roll_max_3","rolling","Rolling max of predictor (window=3 days)"
"bdoccpna_change_3","rolling","Change over 3 days"
"bdoccpna_roll_mean_7","rolling","Rolling mean of predictor (window=7 days)"
"bdoccpna_roll_sd_7","rolling","Rolling SD of predictor (window=7 days)"
"bdoccpna_roll_max_7","rolling","Rolling max of predictor (window=7 days)"
"bdoccpna_change_7","rolling","Change over 7 days"
"bdoccpna_roll_mean_14","rolling","Rolling mean of predictor (window=14 days)"
"bdoccpna_roll_sd_14","rolling","Rolling SD of predictor (window=14 days)"
"bdoccpna_roll_max_14","rolling","Rolling max of predictor (window=14 days)"
"bdoccpna_change_14","rolling","Change over 14 days"
"bdoccpna_roll_mean_30","rolling","Rolling mean of predictor (window=30 days)"
"bdoccpna_roll_sd_30","rolling","Rolling SD of predictor (window=30 days)"
"bdoccpna_roll_max_30","rolling","Rolling max of predictor (window=30 days)"
"bdoccpna_change_30","rolling","Change over 30 days"
"bdocpicu_roll_mean_3","rolling","Rolling mean of predictor (window=3 days)"
"bdocpicu_roll_sd_3","rolling","Rolling SD of predictor (window=3 days)"
"bdocpicu_roll_max_3","rolling","Rolling max of predictor (window=3 days)"
"bdocpicu_change_3","rolling","Change over 3 days"
"bdocpicu_roll_mean_7","rolling","Rolling mean of predictor (window=7 days)"
"bdocpicu_roll_sd_7","rolling","Rolling SD of predictor (window=7 days)"
"bdocpicu_roll_max_7","rolling","Rolling max of predictor (window=7 days)"
"bdocpicu_change_7","rolling","Change over 7 days"
"bdocpicu_roll_mean_14","rolling","Rolling mean of predictor (window=14 days)"
"bdocpicu_roll_sd_14","rolling","Rolling SD of predictor (window=14 days)"
"bdocpicu_roll_max_14","rolling","Rolling max of predictor (window=14 days)"
"bdocpicu_change_14","rolling","Change over 14 days"
"bdocpicu_roll_mean_30","rolling","Rolling mean of predictor (window=30 days)"
"bdocpicu_roll_sd_30","rolling","Rolling SD of predictor (window=30 days)"
"bdocpicu_roll_max_30","rolling","Rolling max of predictor (window=30 days)"
"bdocpicu_change_30","rolling","Change over 30 days"
"intnsvcs_roll_mean_3","rolling","Rolling mean of predictor (window=3 days)"
"intnsvcs_roll_sd_3","rolling","Rolling SD of predictor (window=3 days)"
"intnsvcs_roll_max_3","rolling","Rolling max of predictor (window=3 days)"
"intnsvcs_change_3","rolling","Change over 3 days"
"intnsvcs_roll_mean_7","rolling","Rolling mean of predictor (window=7 days)"
"intnsvcs_roll_sd_7","rolling","Rolling SD of predictor (window=7 days)"
"intnsvcs_roll_max_7","rolling","Rolling max of predictor (window=7 days)"
"intnsvcs_change_7","rolling","Change over 7 days"
"intnsvcs_roll_mean_14","rolling","Rolling mean of predictor (window=14 days)"
"intnsvcs_roll_sd_14","rolling","Rolling SD of predictor (window=14 days)"
"intnsvcs_roll_max_14","rolling","Rolling max of predictor (window=14 days)"
"intnsvcs_change_14","rolling","Change over 14 days"
"intnsvcs_roll_mean_30","rolling","Rolling mean of predictor (window=30 days)"
"intnsvcs_roll_sd_30","rolling","Rolling SD of predictor (window=30 days)"
"intnsvcs_roll_max_30","rolling","Rolling max of predictor (window=30 days)"
"intnsvcs_change_30","rolling","Change over 30 days"
"ootintrp_roll_mean_3","rolling","Rolling mean of predictor (window=3 days)"
"ootintrp_roll_sd_3","rolling","Rolling SD of predictor (window=3 days)"
"ootintrp_roll_max_3","rolling","Rolling max of predictor (window=3 days)"
"ootintrp_change_3","rolling","Change over 3 days"
"ootintrp_roll_mean_7","rolling","Rolling mean of predictor (window=7 days)"
"ootintrp_roll_sd_7","rolling","Rolling SD of predictor (window=7 days)"
"ootintrp_roll_max_7","rolling","Rolling max of predictor (window=7 days)"
"ootintrp_change_7","rolling","Change over 7 days"
"ootintrp_roll_mean_14","rolling","Rolling mean of predictor (window=14 days)"
"ootintrp_roll_sd_14","rolling","Rolling SD of predictor (window=14 days)"
"ootintrp_roll_max_14","rolling","Rolling max of predictor (window=14 days)"
"ootintrp_change_14","rolling","Change over 14 days"
"ootintrp_roll_mean_30","rolling","Rolling mean of predictor (window=30 days)"
"ootintrp_roll_sd_30","rolling","Rolling SD of predictor (window=30 days)"
"ootintrp_roll_max_30","rolling","Rolling max of predictor (window=30 days)"
"ootintrp_change_30","rolling","Change over 30 days"
"urgntrfr_roll_mean_3","rolling","Rolling mean of predictor (window=3 days)"
"urgntrfr_roll_sd_3","rolling","Rolling SD of predictor (window=3 days)"
"urgntrfr_roll_max_3","rolling","Rolling max of predictor (window=3 days)"
"urgntrfr_change_3","rolling","Change over 3 days"
"urgntrfr_roll_mean_7","rolling","Rolling mean of predictor (window=7 days)"
"urgntrfr_roll_sd_7","rolling","Rolling SD of predictor (window=7 days)"
"urgntrfr_roll_max_7","rolling","Rolling max of predictor (window=7 days)"
"urgntrfr_change_7","rolling","Change over 7 days"
"urgntrfr_roll_mean_14","rolling","Rolling mean of predictor (window=14 days)"
"urgntrfr_roll_sd_14","rolling","Rolling SD of predictor (window=14 days)"
"urgntrfr_roll_max_14","rolling","Rolling max of predictor (window=14 days)"
"urgntrfr_change_14","rolling","Change over 14 days"
"urgntrfr_roll_mean_30","rolling","Rolling mean of predictor (window=30 days)"
"urgntrfr_roll_sd_30","rolling","Rolling SD of predictor (window=30 days)"
"urgntrfr_roll_max_30","rolling","Rolling max of predictor (window=30 days)"
"urgntrfr_change_30","rolling","Change over 30 days"
"dow_roll_mean_3","rolling","Rolling mean of predictor (window=3 days)"
"dow_roll_sd_3","rolling","Rolling SD of predictor (window=3 days)"
"dow_roll_max_3","rolling","Rolling max of predictor (window=3 days)"
"dow_change_3","rolling","Change over 3 days"
"dow_roll_mean_7","rolling","Rolling mean of predictor (window=7 days)"
"dow_roll_sd_7","rolling","Rolling SD of predictor (window=7 days)"
"dow_roll_max_7","rolling","Rolling max of predictor (window=7 days)"
"dow_change_7","rolling","Change over 7 days"
"dow_roll_mean_14","rolling","Rolling mean of predictor (window=14 days)"
"dow_roll_sd_14","rolling","Rolling SD of predictor (window=14 days)"
"dow_roll_max_14","rolling","Rolling max of predictor (window=14 days)"
"dow_change_14","rolling","Change over 14 days"
"dow_roll_mean_30","rolling","Rolling mean of predictor (window=30 days)"
"dow_roll_sd_30","rolling","Rolling SD of predictor (window=30 days)"
"dow_roll_max_30","rolling","Rolling max of predictor (window=30 days)"
"dow_change_30","rolling","Change over 30 days"
"is_weekend_roll_mean_3","rolling","Rolling mean of predictor (window=3 days)"
"is_weekend_roll_sd_3","rolling","Rolling SD of predictor (window=3 days)"
"is_weekend_roll_max_3","rolling","Rolling max of predictor (window=3 days)"
"is_weekend_change_3","rolling","Change over 3 days"
"is_weekend_roll_mean_7","rolling","Rolling mean of predictor (window=7 days)"
"is_weekend_roll_sd_7","rolling","Rolling SD of predictor (window=7 days)"
"is_weekend_roll_max_7","rolling","Rolling max of predictor (window=7 days)"
"is_weekend_change_7","rolling","Change over 7 days"
"is_weekend_roll_mean_14","rolling","Rolling mean of predictor (window=14 days)"
"is_weekend_roll_sd_14","rolling","Rolling SD of predictor (window=14 days)"
"is_weekend_roll_max_14","rolling","Rolling max of predictor (window=14 days)"
"is_weekend_change_14","rolling","Change over 14 days"
"is_weekend_roll_mean_30","rolling","Rolling mean of predictor (window=30 days)"
"is_weekend_roll_sd_30","rolling","Rolling SD of predictor (window=30 days)"
"is_weekend_roll_max_30","rolling","Rolling max of predictor (window=30 days)"
"is_weekend_change_30","rolling","Change over 30 days"
"month_roll_mean_3","rolling","Rolling mean of predictor (window=3 days)"
"month_roll_sd_3","rolling","Rolling SD of predictor (window=3 days)"
"month_roll_max_3","rolling","Rolling max of predictor (window=3 days)"
"month_change_3","rolling","Change over 3 days"
"month_roll_mean_7","rolling","Rolling mean of predictor (window=7 days)"
"month_roll_sd_7","rolling","Rolling SD of predictor (window=7 days)"
"month_roll_max_7","rolling","Rolling max of predictor (window=7 days)"
"month_change_7","rolling","Change over 7 days"
"month_roll_mean_14","rolling","Rolling mean of predictor (window=14 days)"
"month_roll_sd_14","rolling","Rolling SD of predictor (window=14 days)"
"month_roll_max_14","rolling","Rolling max of predictor (window=14 days)"
"month_change_14","rolling","Change over 14 days"
"month_roll_mean_30","rolling","Rolling mean of predictor (window=30 days)"
"month_roll_sd_30","rolling","Rolling SD of predictor (window=30 days)"
"month_roll_max_30","rolling","Rolling max of predictor (window=30 days)"
"month_change_30","rolling","Change over 30 days"
"quarter_roll_mean_3","rolling","Rolling mean of predictor (window=3 days)"
"quarter_roll_sd_3","rolling","Rolling SD of predictor (window=3 days)"
"quarter_roll_max_3","rolling","Rolling max of predictor (window=3 days)"
"quarter_change_3","rolling","Change over 3 days"
"quarter_roll_mean_7","rolling","Rolling mean of predictor (window=7 days)"
"quarter_roll_sd_7","rolling","Rolling SD of predictor (window=7 days)"
"quarter_roll_max_7","rolling","Rolling max of predictor (window=7 days)"
"quarter_change_7","rolling","Change over 7 days"
"quarter_roll_mean_14","rolling","Rolling mean of predictor (window=14 days)"
"quarter_roll_sd_14","rolling","Rolling SD of predictor (window=14 days)"
"quarter_roll_max_14","rolling","Rolling max of predictor (window=14 days)"
"quarter_change_14","rolling","Change over 14 days"
"quarter_roll_mean_30","rolling","Rolling mean of predictor (window=30 days)"
"quarter_roll_sd_30","rolling","Rolling SD of predictor (window=30 days)"
"quarter_roll_max_30","rolling","Rolling max of predictor (window=30 days)"
"quarter_change_30","rolling","Change over 30 days"
"winter_indicator_roll_mean_3","rolling","Rolling mean of predictor (window=3 days)"
"winter_indicator_roll_sd_3","rolling","Rolling SD of predictor (window=3 days)"
"winter_indicator_roll_max_3","rolling","Rolling max of predictor (window=3 days)"
"winter_indicator_change_3","rolling","Change over 3 days"
"winter_indicator_roll_mean_7","rolling","Rolling mean of predictor (window=7 days)"
"winter_indicator_roll_sd_7","rolling","Rolling SD of predictor (window=7 days)"
"winter_indicator_roll_max_7","rolling","Rolling max of predictor (window=7 days)"
"winter_indicator_change_7","rolling","Change over 7 days"
"winter_indicator_roll_mean_14","rolling","Rolling mean of predictor (window=14 days)"
"winter_indicator_roll_sd_14","rolling","Rolling SD of predictor (window=14 days)"
"winter_indicator_roll_max_14","rolling","Rolling max of predictor (window=14 days)"
"winter_indicator_change_14","rolling","Change over 14 days"
"winter_indicator_roll_mean_30","rolling","Rolling mean of predictor (window=30 days)"
"winter_indicator_roll_sd_30","rolling","Rolling SD of predictor (window=30 days)"
"winter_indicator_roll_max_30","rolling","Rolling max of predictor (window=30 days)"
"winter_indicator_change_30","rolling","Change over 30 days"
"sin_month_roll_mean_3","rolling","Rolling mean of predictor (window=3 days)"
"sin_month_roll_sd_3","rolling","Rolling SD of predictor (window=3 days)"
"sin_month_roll_max_3","rolling","Rolling max of predictor (window=3 days)"
"sin_month_change_3","rolling","Change over 3 days"
"sin_month_roll_mean_7","rolling","Rolling mean of predictor (window=7 days)"
"sin_month_roll_sd_7","rolling","Rolling SD of predictor (window=7 days)"
"sin_month_roll_max_7","rolling","Rolling max of predictor (window=7 days)"
"sin_month_change_7","rolling","Change over 7 days"
"sin_month_roll_mean_14","rolling","Rolling mean of predictor (window=14 days)"
"sin_month_roll_sd_14","rolling","Rolling SD of predictor (window=14 days)"
"sin_month_roll_max_14","rolling","Rolling max of predictor (window=14 days)"
"sin_month_change_14","rolling","Change over 14 days"
"sin_month_roll_mean_30","rolling","Rolling mean of predictor (window=30 days)"
"sin_month_roll_sd_30","rolling","Rolling SD of predictor (window=30 days)"
"sin_month_roll_max_30","rolling","Rolling max of predictor (window=30 days)"
"sin_month_change_30","rolling","Change over 30 days"
"cos_month_roll_mean_3","rolling","Rolling mean of predictor (window=3 days)"
"cos_month_roll_sd_3","rolling","Rolling SD of predictor (window=3 days)"
"cos_month_roll_max_3","rolling","Rolling max of predictor (window=3 days)"
"cos_month_change_3","rolling","Change over 3 days"
"cos_month_roll_mean_7","rolling","Rolling mean of predictor (window=7 days)"
"cos_month_roll_sd_7","rolling","Rolling SD of predictor (window=7 days)"
"cos_month_roll_max_7","rolling","Rolling max of predictor (window=7 days)"
"cos_month_change_7","rolling","Change over 7 days"
"cos_month_roll_mean_14","rolling","Rolling mean of predictor (window=14 days)"
"cos_month_roll_sd_14","rolling","Rolling SD of predictor (window=14 days)"
"cos_month_roll_max_14","rolling","Rolling max of predictor (window=14 days)"
"cos_month_change_14","rolling","Change over 14 days"
"cos_month_roll_mean_30","rolling","Rolling mean of predictor (window=30 days)"
"cos_month_roll_sd_30","rolling","Rolling SD of predictor (window=30 days)"
"cos_month_roll_max_30","rolling","Rolling max of predictor (window=30 days)"
"cos_month_change_30","rolling","Change over 30 days"
"day_of_month_roll_mean_3","rolling","Rolling mean of predictor (window=3 days)"
"day_of_month_roll_sd_3","rolling","Rolling SD of predictor (window=3 days)"
"day_of_month_roll_max_3","rolling","Rolling max of predictor (window=3 days)"
"day_of_month_change_3","rolling","Change over 3 days"
"day_of_month_roll_mean_7","rolling","Rolling mean of predictor (window=7 days)"
"day_of_month_roll_sd_7","rolling","Rolling SD of predictor (window=7 days)"
"day_of_month_roll_max_7","rolling","Rolling max of predictor (window=7 days)"
"day_of_month_change_7","rolling","Change over 7 days"
"day_of_month_roll_mean_14","rolling","Rolling mean of predictor (window=14 days)"
"day_of_month_roll_sd_14","rolling","Rolling SD of predictor (window=14 days)"
"day_of_month_roll_max_14","rolling","Rolling max of predictor (window=14 days)"
"day_of_month_change_14","rolling","Change over 14 days"
"day_of_month_roll_mean_30","rolling","Rolling mean of predictor (window=30 days)"
"day_of_month_roll_sd_30","rolling","Rolling SD of predictor (window=30 days)"
"day_of_month_roll_max_30","rolling","Rolling max of predictor (window=30 days)"
"day_of_month_change_30","rolling","Change over 30 days"
"days_since_start_roll_mean_3","rolling","Rolling mean of predictor (window=3 days)"
"days_since_start_roll_sd_3","rolling","Rolling SD of predictor (window=3 days)"
"days_since_start_roll_max_3","rolling","Rolling max of predictor (window=3 days)"
"days_since_start_change_3","rolling","Change over 3 days"
"days_since_start_roll_mean_7","rolling","Rolling mean of predictor (window=7 days)"
"days_since_start_roll_sd_7","rolling","Rolling SD of predictor (window=7 days)"
"days_since_start_roll_max_7","rolling","Rolling max of predictor (window=7 days)"
"days_since_start_change_7","rolling","Change over 7 days"
"days_since_start_roll_mean_14","rolling","Rolling mean of predictor (window=14 days)"
"days_since_start_roll_sd_14","rolling","Rolling SD of predictor (window=14 days)"
"days_since_start_roll_max_14","rolling","Rolling max of predictor (window=14 days)"
"days_since_start_change_14","rolling","Change over 14 days"
"days_since_start_roll_mean_30","rolling","Rolling mean of predictor (window=30 days)"
"days_since_start_roll_sd_30","rolling","Rolling SD of predictor (window=30 days)"
"days_since_start_roll_max_30","rolling","Rolling max of predictor (window=30 days)"
"days_since_start_change_30","rolling","Change over 30 days"
"is_bank_holiday_roll_mean_3","rolling","Rolling mean of predictor (window=3 days)"
"is_bank_holiday_roll_sd_3","rolling","Rolling SD of predictor (window=3 days)"
"is_bank_holiday_roll_max_3","rolling","Rolling max of predictor (window=3 days)"
"is_bank_holiday_change_3","rolling","Change over 3 days"
"is_bank_holiday_roll_mean_7","rolling","Rolling mean of predictor (window=7 days)"
"is_bank_holiday_roll_sd_7","rolling","Rolling SD of predictor (window=7 days)"
"is_bank_holiday_roll_max_7","rolling","Rolling max of predictor (window=7 days)"
"is_bank_holiday_change_7","rolling","Change over 7 days"
"is_bank_holiday_roll_mean_14","rolling","Rolling mean of predictor (window=14 days)"
"is_bank_holiday_roll_sd_14","rolling","Rolling SD of predictor (window=14 days)"
"is_bank_holiday_roll_max_14","rolling","Rolling max of predictor (window=14 days)"
"is_bank_holiday_change_14","rolling","Change over 14 days"
"is_bank_holiday_roll_mean_30","rolling","Rolling mean of predictor (window=30 days)"
"is_bank_holiday_roll_sd_30","rolling","Rolling SD of predictor (window=30 days)"
"is_bank_holiday_roll_max_30","rolling","Rolling max of predictor (window=30 days)"
"is_bank_holiday_change_30","rolling","Change over 30 days"
"sin_dow_roll_mean_3","rolling","Rolling mean of predictor (window=3 days)"
"sin_dow_roll_sd_3","rolling","Rolling SD of predictor (window=3 days)"
"sin_dow_roll_max_3","rolling","Rolling max of predictor (window=3 days)"
"sin_dow_change_3","rolling","Change over 3 days"
"sin_dow_roll_mean_7","rolling","Rolling mean of predictor (window=7 days)"
"sin_dow_roll_sd_7","rolling","Rolling SD of predictor (window=7 days)"
"sin_dow_roll_max_7","rolling","Rolling max of predictor (window=7 days)"
"sin_dow_change_7","rolling","Change over 7 days"
"sin_dow_roll_mean_14","rolling","Rolling mean of predictor (window=14 days)"
"sin_dow_roll_sd_14","rolling","Rolling SD of predictor (window=14 days)"
"sin_dow_roll_max_14","rolling","Rolling max of predictor (window=14 days)"
"sin_dow_change_14","rolling","Change over 14 days"
"sin_dow_roll_mean_30","rolling","Rolling mean of predictor (window=30 days)"
"sin_dow_roll_sd_30","rolling","Rolling SD of predictor (window=30 days)"
"sin_dow_roll_max_30","rolling","Rolling max of predictor (window=30 days)"
"sin_dow_change_30","rolling","Change over 30 days"
"cos_dow_roll_mean_3","rolling","Rolling mean of predictor (window=3 days)"
"cos_dow_roll_sd_3","rolling","Rolling SD of predictor (window=3 days)"
"cos_dow_roll_max_3","rolling","Rolling max of predictor (window=3 days)"
"cos_dow_change_3","rolling","Change over 3 days"
"cos_dow_roll_mean_7","rolling","Rolling mean of predictor (window=7 days)"
"cos_dow_roll_sd_7","rolling","Rolling SD of predictor (window=7 days)"
"cos_dow_roll_max_7","rolling","Rolling max of predictor (window=7 days)"
"cos_dow_change_7","rolling","Change over 7 days"
"cos_dow_roll_mean_14","rolling","Rolling mean of predictor (window=14 days)"
"cos_dow_roll_sd_14","rolling","Rolling SD of predictor (window=14 days)"
"cos_dow_roll_max_14","rolling","Rolling max of predictor (window=14 days)"
"cos_dow_change_14","rolling","Change over 14 days"
"cos_dow_roll_mean_30","rolling","Rolling mean of predictor (window=30 days)"
"cos_dow_roll_sd_30","rolling","Rolling SD of predictor (window=30 days)"
"cos_dow_roll_max_30","rolling","Rolling max of predictor (window=30 days)"
"cos_dow_change_30","rolling","Change over 30 days"
"ead_lag3","target_lag_or_rolling","Target lag: estimated_avoidable_deaths at t-3"
"ead_lag4","target_lag_or_rolling","Target lag: estimated_avoidable_deaths at t-4"
"ead_lag5","target_lag_or_rolling","Target lag: estimated_avoidable_deaths at t-5"
"ead_lag6","target_lag_or_rolling","Target lag: estimated_avoidable_deaths at t-6"
"ead_lag7","target_lag_or_rolling","Target lag: estimated_avoidable_deaths at t-7"
"ead_lag8","target_lag_or_rolling","Target lag: estimated_avoidable_deaths at t-8"
"ead_lag9","target_lag_or_rolling","Target lag: estimated_avoidable_deaths at t-9"
"ead_lag10","target_lag_or_rolling","Target lag: estimated_avoidable_deaths at t-10"
"ead_lag14","target_lag_or_rolling","Target lag: estimated_avoidable_deaths at t-14"
"ead_lag1","target_lag_or_rolling","Target lag: estimated_avoidable_deaths at t-1"
"ead_roll_mean_7","target_lag_or_rolling","Rolling mean of lagged target (window=7 days)"
"ead_roll_sd_7","target_lag_or_rolling","Rolling SD of lagged target (window=7 days)"
"ead_roll_mean_14","target_lag_or_rolling","Rolling mean of lagged target (window=14 days)"
"ead_roll_sd_14","target_lag_or_rolling","Rolling SD of lagged target (window=14 days)"
"ead_roll_mean_30","target_lag_or_rolling","Rolling mean of lagged target (window=30 days)"
"ead_roll_sd_30","target_lag_or_rolling","Rolling SD of lagged target (window=30 days)"
"ead_7day_trend","target_lag_or_rolling","7-day directional trend of lagged target"
"ead_roll_max_7","target_lag_or_rolling","Rolling max of predictor (window=7 days)"
"ead_roll_max_14","target_lag_or_rolling","Rolling max of predictor (window=14 days)"
"ead_roll_q75_30","target_lag_or_rolling","Raw predictor (daily mean)"
"ead_roll_q90_30","target_lag_or_rolling","Raw predictor (daily mean)"
"ead_recent_vs_baseline","raw_predictor","Raw predictor (daily mean)"
"ead_high_pressure","raw_predictor","Raw predictor (daily mean)"
"ead_deviation_from_mean","raw_predictor","Raw predictor (daily mean)"
"ead_z_score_30","raw_predictor","Raw predictor (daily mean)"
"ead_deviation_from_mean_14","raw_predictor","Raw predictor (daily mean)"
"ead_z_score_14","raw_predictor","Raw predictor (daily mean)"
